protid,Protein_Accession,Taxonomy
"Chain A, MAJOR APURINIC/APYRIMIDINIC ENDONUCLEASE (human)",1DE9_A,Homo sapiens (human)
"Chain A, TYROSYL-DNA PHOSPHODIESTERASE (human)",1JY1_A,Homo sapiens (human)
"Chain E, Fibrin beta chain (human)",1N8E_E,Homo sapiens (human)
"Chain A, Breast cancer type 1 susceptibility protein (human)",1OQA_A,Homo sapiens (human)
"Chain A, Genome polyprotein (Human poliovirus 1 Mahoney)",1RA7_A,Human poliovirus 1 Mahoney
"Chain B, REV PEPTIDE (Human immunodeficiency virus 1)",1ULL_B,Human immunodeficiency virus 1
"Chain A, Hiv-1 Reverse Transcriptase (Human immunodeficiency virus 1)",1VRU_A,Human immunodeficiency virus 1
"Chain A, Glucosylceramidase (human)",1Y7V_A,Homo sapiens (human)
"Chain A, Autoinducer 2-binding periplasmic protein luxP (Vibrio harveyi)",1ZHH_A,Vibrio harveyi
"Chain B, Autoinducer 2 sensor kinase/phosphatase luxQ (Vibrio harveyi)",1ZHH_B,Vibrio harveyi
"Chain A, Pantoate--beta-alanine ligase (Mycobacterium tuberculosis)",2A88_A,Mycobacterium tuberculosis
"Chain A, Beta-lactamase (Escherichia coli K-12)",2HDS_A,Escherichia coli K-12
"Chain A, Putative fructose-1,6-bisphosphate aldolase (Giardia intestinalis)",2ISV_A,Giardia intestinalis
"Chain A, HADH2 protein (human)",2O23_A,Homo sapiens (human)
"Chain B, HADH2 protein (human)",2O23_B,Homo sapiens (human)
"Chain A, Neuropilin-1 (human)",2QQI_A,Homo sapiens (human)
"Chain A, JmjC domain-containing histone demethylation protein 3A (human)",2QQS_A,Homo sapiens (human)
"Chain A, BCL-2-RELATED PROTEIN A1 (human)",2VM6_A,Homo sapiens (human)
"Chain A, 2-oxoglutarate Oxygenase (human)",2W2I_A,Homo sapiens (human)
"Chain A, ATP-DEPENDENT DNA HELICASE Q1 (human)",2WWY_A,Homo sapiens (human)
"Chain A, RNA-directed RNA polymerase NS5 (Dengue virus 2 16681-PDK53)",3EVG_A,Dengue virus 2 16681-PDK53
"Chain A, Ferritin light chain (horse)",3F32_A,Equus caballus (horse)
"Chain A, Cruzipain (Trypanosoma cruzi)",3I06_A,Trypanosoma cruzi
"RNA polymerase beta subunit (EC 2.7.7.6), partial (Escherichia coli)",AAA24585,Escherichia coli
glucose-6-phosphate dehydrogenase (Leuconostoc mesenteroides),AAA25265,Leuconostoc mesenteroides
Luciferase (common eastern firefly),AAA29795,Photinus pyralis (common eastern firefly)
GTP-binding protein (rab7) (dog),AAA30890,Canis lupus familiaris (dog)
"citrate synthase 2, partial (brewer's yeast)",AAA34498,Saccharomyces cerevisiae (brewer's yeast)
"ras protein, partial (human)",AAA36557,Homo sapiens (human)
"T cell receptor, partial (human)",AAA51534,Homo sapiens (human)
coagulation factor XI (human),AAA51985,Homo sapiens (human)
acid sphingomyelinase (human),AAA58377,Homo sapiens (human)
putative potassium channel subunit (human),AAA62473,Homo sapiens (human)
Bcl-w (human),AAB09055,Homo sapiens (human)
metabotropic glutamate receptor 8 (Norway rat),AAB09537,Rattus norvegicus (Norway rat)
"calpain II, partial (pig)",AAB17381,Sus scrofa (pig)
"amyloid precursor protein, partial (human)",AAB23646,Homo sapiens (human)
Nrf2 (human),AAB32188,Homo sapiens (human)
DNA polymerase (Vaccinia virus),AAB59829,Vaccinia virus
"glp-1 receptor, partial (human)",AAB64013,Homo sapiens (human)
"TCRAV4S1, partial (human)",AAB69001,Homo sapiens (human)
aryl hydrocarbon receptor nuclear translocator (human),AAC03365,Homo sapiens (human)
alternatively spliced Trp4 (house mouse),AAC05178,Mus musculus (house mouse)
Mint1 (Norway rat),AAC05303,Rattus norvegicus (Norway rat)
CtBP interacting protein CtIP (human),AAC14371,Homo sapiens (human)
thioredoxin reductase (Norway rat),AAC35244,Rattus norvegicus (Norway rat)
BRCA1 (human),AAC37594,Homo sapiens (human)
RGS12 (human),AAC39835,Homo sapiens (human)
ClpP (Bacillus subtilis),AAC46381,Bacillus subtilis
dopamine transporter (human),AAC50179,Homo sapiens (human)
"RGS7, partial (human)",AAC50351,Homo sapiens (human)
SUMO-1 (human),AAC50996,Homo sapiens (human)
ADAM10 (human),AAC51766,Homo sapiens (human)
"15-lipoxygenase, partial (human)",AAC52118,Homo sapiens (human)
prothrombin (human),AAC63054,Homo sapiens (human)
WRN (human),AAC63361,Homo sapiens (human)
"integrase, partial (Human immunodeficiency virus 1)",AAC83551,Human immunodeficiency virus 1
chaperonin-containing TCP-1 beta subunit homolog (human),AAC98906,Homo sapiens (human)
"90-kda heat shock protein beta HSP90 beta, partial (human)",AAD14062,Homo sapiens (human)
thioredoxin peroxidase (Schistosoma mansoni),AAD17299,Schistosoma mansoni
ubiquitin C-terminal hydrolase UCH37 (human),AAD31528,Homo sapiens (human)
SUMO-1-specific protease (human),AAF04852,Homo sapiens (human)
"matrix metalloproteinase 1, partial (human)",AAF24178,Homo sapiens (human)
lens epithelium-derived growth factor p75 (human),AAF25870,Homo sapiens (human)
metallo beta-lactamase (Pseudomonas aeruginosa),AAF61483,Pseudomonas aeruginosa
Mcl-1 (human),AAF64255,Homo sapiens (human)
hypothetical protein VC_A0002 (Vibrio cholerae O1 biovar El Tor str. N16961),AAF95916,Vibrio cholerae O1 biovar El Tor str. N16961
acetyl-CoA acetyltransferase/HMG-CoA reductase (Enterococcus faecalis),AAG02439,Enterococcus faecalis
phosphopantetheinyl transferase (Bacillus subtilis),AAG24257,Bacillus subtilis
Kcnk3 channel (human),AAG29340,Homo sapiens (human)
"PPP5C protein, partial (human)",AAH00750,Homo sapiens (human)
Heat shock 70kDa protein 1A (human),AAH02453,Homo sapiens (human)
Ubiquitin-like modifier activating enzyme 2 (human),AAH03153,Homo sapiens (human)
"Arrestin, beta 1 (human)",AAH03636,Homo sapiens (human)
PSMD14 protein (human),AAH09524,Homo sapiens (human)
"Prolyl 4-hydroxylase, beta polypeptide (human)",AAH10859,Homo sapiens (human)
Cathepsin G (human),AAH14460,Homo sapiens (human)
Sphingosine-1-phosphate receptor 4 (human),AAH14970,Homo sapiens (human)
"ATAD5 protein, partial (human)",AAH15051,Homo sapiens (human)
MPI protein (human),AAH17351,Homo sapiens (human)
SUMO1 activating enzyme subunit 1 (human),AAH18271,Homo sapiens (human)
Dihydrolipoamide dehydrogenase (human),AAH18648,Homo sapiens (human)
"USP1 protein, partial (human)",AAH18745,Homo sapiens (human)
"PRMT1 protein, partial (human)",AAH19268,Homo sapiens (human)
"Cyclin-dependent kinase 5, regulatory subunit 1 (p35) (human)",AAH26347,Homo sapiens (human)
Fam108b protein (house mouse),AAH32261,Mus musculus (house mouse)
Methyl-CpG binding domain protein 2 (human),AAH32638,Homo sapiens (human)
GLS protein (human),AAH38507,Homo sapiens (human)
MCOLN3 protein (human),AAH60765,Homo sapiens (human)
Microphthalmia-associated transcription factor (human),AAH65243,Homo sapiens (human)
Eukaryotic translation initiation factor 4H (human),AAH66928,Homo sapiens (human)
WEE1 homolog (S. pombe) (human),AAH70052,Homo sapiens (human)
NCOA2 protein (human),AAH92442,Homo sapiens (human)
Hsf1 protein (house mouse),AAH94064,Mus musculus (house mouse)
Cathepsin B (human),AAH95408,Homo sapiens (human)
MSRA protein (cattle),AAI02981,Bos taurus (cattle)
RGS8 protein (human),AAI03867,Homo sapiens (human)
Myeloid cell leukemia sequence 1 (BCL2-related) (human),AAI07736,Homo sapiens (human)
TDP1 protein (human),AAI07878,Homo sapiens (human)
"HSP90AA1 protein, partial (human)",AAI08696,Homo sapiens (human)
Microtubule-associated protein tau (human),AAI14949,Homo sapiens (human)
Valosin-containing protein (human),AAI21795,Homo sapiens (human)
TSHR protein (human),AAI27629,Homo sapiens (human)
Estrogen receptor 1 (human),AAI28575,Homo sapiens (human)
SUMO1/sentrin specific peptidase 7 (human),AAI29989,Homo sapiens (human)
"alkaline phosphatase, intestinal (human)",AAI32679,Homo sapiens (human)
"Phospholipase C, gamma 1 (human)",AAI36467,Homo sapiens (human)
Apoptotic peptidase activating factor 1 (human),AAI36532,Homo sapiens (human)
"Phospholipase C, beta 3 (phosphatidylinositol-specific) (human)",AAI42682,Homo sapiens (human)
NLRP3 protein (human),AAI43360,Homo sapiens (human)
Prolyl endopeptidase-like (human),AAI51237,Homo sapiens (human)
"STAT3, partial (human)",AAK17196,Homo sapiens (human)
thioredoxin glutathione reductase (Schistosoma mansoni),AAK85233,Schistosoma mansoni
Smad3 (human),AAL68976,Homo sapiens (human)
"apical membrane antigen 1, AMA1 (Plasmodium falciparum 3D7)",AAN35928,Plasmodium falciparum 3D7
metallo-beta-lactamase IMP-1 (Pseudomonas aeruginosa),AAN87168,Pseudomonas aeruginosa
"aldehyde dehydrogenase 1 family, member A1 (human)",AAP35567,Homo sapiens (human)
PINK1 (human),AAQ89316,Homo sapiens (human)
thyroid stimulating hormone receptor (human),AAR07906,Homo sapiens (human)
corticotropin-releasing hormone receptor 2 (human),AAR18078,Homo sapiens (human)
plectin 1 (human),AAR95677,Homo sapiens (human)
envelope glycoprotein (Human immunodeficiency virus 1),AAS58777,Human immunodeficiency virus 1
proinsulin (human),AAW83741,Homo sapiens (human)
"hypothetical protein, conserved (Trypanosoma brucei)",AAX80043,Trypanosoma brucei
"3C-like protease, partial (Infectious bronchitis virus)",AAZ82016,Infectious bronchitis virus
"core protein, partial (Hepacivirus C)",ABC47431,Hepacivirus C
regulator of G-protein signaling 4 (human),ABC94590,Homo sapiens (human)
regulator of G-protein signaling 4 (human),ABC94591,Homo sapiens (human)
"isocitrate dehydrogenase 1, partial (human)",ABD77215,Homo sapiens (human)
diphosphomevalonate decarboxylase (Streptococcus pneumoniae D39),ABJ54071,Streptococcus pneumoniae D39
phosphomevalonate kinase (Streptococcus pneumoniae D39),ABJ55414,Streptococcus pneumoniae D39
Kruppel-like factor 5 (human),ABM97548,Homo sapiens (human)
"NS3, partial (Hepacivirus C)",ABN45876,Hepacivirus C
"LuxS, partial (Vibrio harveyi)",ABY84639,Vibrio harveyi
nonstructural protein 1 (Influenza A virus (A/WSN/1933(H1N1))),ACF54603,Influenza A virus (A/WSN/1933(H1N1))
MAS-related GPR member X1 (human),ACG60652,Homo sapiens (human)
nonstructural protein 1 (Influenza A virus (A/California/07/2009(H1N1))),ACP44172,Influenza A virus (A/California/07/2009(H1N1))
LANA (Human gammaherpesvirus 8),ADQ57959,Human gammaherpesvirus 8
"potassium voltage-gated channel subfamily H member 2 isoform a, partial (human)",AEL63844,Homo sapiens (human)
67.9K protein (Vaccinia virus),BAA01847,Vaccinia virus
pyruvate kinase (Geobacillus stearothermophilus),BAA02406,Geobacillus stearothermophilus
glucocerebrosidase (human),BAA02545,Homo sapiens (human)
luciferase (Pennsylania firefly),BAA05005,Photuris pensylvanica (Pennsylania firefly)
Parkin (human),BAA25751,Homo sapiens (human)
Gli1 (house mouse),BAA85004,Mus musculus (house mouse)
bromodomain adjacent to zinc finger domain 2B (human),BAA89212,Homo sapiens (human)
P53 (human),BAC16799,Homo sapiens (human)
shiga toxin 1 variant A subunit (Escherichia coli O157:H7),BAC78637,Escherichia coli O157:H7
shiga toxin 1 B subunit (Escherichia coli O157:H7),BAC78638,Escherichia coli O157:H7
girdin (human),BAE44387,Homo sapiens (human)
TRIC (human),BAE54513,Homo sapiens (human)
toll-like receptor 9 (human),BAG55070,Homo sapiens (human)
photoreceptor-specific nuclear receptor (human),BAH02301,Homo sapiens (human)
alpha-galactosidase (human),CAA29232,Homo sapiens (human)
corticotropin releasing factor-binding protein (human),CAA41086,Homo sapiens (human)
cardiac alpha tropomyosin (pig),CAA46986,Sus scrofa (pig)
pyruvate kinase (Leishmania mexicana mexicana),CAA52898,Leishmania mexicana mexicana
RCKbeta2 (Norway rat),CAA54142,Rattus norvegicus (Norway rat)
heat shock protein 90 (Candida albicans),CAA56931,Candida albicans
six1 (human),CAA62974,Homo sapiens (human)
bcl-xL (human),CAA80661,Homo sapiens (human)
LAP4 (brewer's yeast),CAA81943,Saccharomyces cerevisiae (brewer's yeast)
RPL19A (brewer's yeast),CAA84846,Saccharomyces cerevisiae (brewer's yeast)
MEP2 (brewer's yeast),CAA96025,Saccharomyces cerevisiae (brewer's yeast)
unnamed protein product (brewer's yeast),CAA97545,Saccharomyces cerevisiae (brewer's yeast)
FATTY-ACID-CoA LIGASE FADD28 (FATTY-ACID-CoA SYNTHETASE) (FATTY-ACID-CoA SYNTHASE) (Mycobacterium tuberculosis H37Rv),CAB06100,Mycobacterium tuberculosis H37Rv
lysophospholipase II (human),CAB40158,Homo sapiens (human)
Rac1 protein (human),CAB53579,Homo sapiens (human)
X-linked inhibitor of apoptosis (human),CAB95312,Homo sapiens (human)
glucose-6-phosphate dehydrogenase-6-phosphogluconolactonase (Plasmodium berghei),CAC24715,Plasmodium berghei
M18 aspartyl aminopeptidase (Plasmodium falciparum 3D7),CAD52000,Plasmodium falciparum 3D7
EBNA-1 protein [Human herpesvirus 4] (Epstein-Barr virus),CAD53427,human gammaherpesvirus 4 (Epstein-Barr virus)
LMP1 [Human herpesvirus 4] (Epstein-Barr virus),CAD53472,human gammaherpesvirus 4 (Epstein-Barr virus)
LARGE (human),CAG30396,Homo sapiens (human)
CDK5 (human),CAG33322,Homo sapiens (human)
IDH1 (human),CAG38738,Homo sapiens (human)
RAD51 (human),CAG38796,Homo sapiens (human)
toll-like receptor 4 (human),CAH72619,Homo sapiens (human)
"caspase 7, apoptosis-related cysteine peptidase (human)",CAI12638,Homo sapiens (human)
cathepsin L1 (human),CAI16307,Homo sapiens (human)
selectin E (human),CAI19360,Homo sapiens (human)
"cell division cycle 42 (GTP binding protein, 25kDa), partial (human)",CAI19851,Homo sapiens (human)
DNA topoisomerase I (Yersinia pestis CO92),CAL20848,Yersinia pestis CO92
heat shock 70kDa protein 1A (human),CAM24989,Homo sapiens (human)
euchromatic histone-lysine N-methyltransferase 2 (human),CAQ07474,Homo sapiens (human)
"heat shock 70kDa protein 5 (glucose-regulated protein, 78kDa) (human)",CAQ08732,Homo sapiens (human)
bioA (Mycobacterium tuberculosis UT205),CCE37082,Mycobacterium tuberculosis UT205
priA (Klebsiella pneumoniae),CDO16358,Klebsiella pneumoniae
ssb (Klebsiella pneumoniae),CDO16711,Klebsiella pneumoniae
TPA: protein transporter TIM10 (Saccharomyces cerevisiae S288C),DAA06693,Saccharomyces cerevisiae S288C
TPA: protein transporter TIM23 (Saccharomyces cerevisiae S288C),DAA10558,Saccharomyces cerevisiae S288C
hexokinase (Trypanosoma brucei brucei TREU927),EAN77629,Trypanosoma brucei brucei TREU927
Janus kinase 2 (a protein tyrosine kinase) (human),EAW58774,Homo sapiens (human)
"SWI/SNF related, matrix associated, actin dependent regulator of chromatin, subfamily a, member 2, isoform CRA_a (human)",EAW58811,Homo sapiens (human)
"phospholipase A2, group III (human)",EAW59941,Homo sapiens (human)
"caspase recruitment domain family, member 15 (human)",EAW82767,Homo sapiens (human)
neuropeptides B/W receptor 1 (human),EAW86722,Homo sapiens (human)
"furin (paired basic amino acid cleaving enzyme), isoform CRA_a (human)",EAX02111,Homo sapiens (human)
beta-2 adrenergic receptor (human),NP_000015,Homo sapiens (human)
serine-protein kinase ATM isoform a (human),NP_000042,Homo sapiens (human)
Bloom syndrome protein isoform 1 (human),NP_000048,Homo sapiens (human)
lysosomal alpha-glucosidase preproprotein (human),NP_000143,Homo sapiens (human)
galactokinase (human),NP_000145,Homo sapiens (human)
integrin beta-2 isoform 1 precursor (human),NP_000202,Homo sapiens (human)
potassium voltage-gated channel subfamily KQT member 1 isoform 1 (human),NP_000209,Homo sapiens (human)
menin isoform 1 (human),NP_000235,Homo sapiens (human)
neutrophil cytosol factor 1 (human),NP_000256,Homo sapiens (human)
NPC intracellular cholesterol transporter 1 precursor (human),NP_000262,Homo sapiens (human)
major prion protein preproprotein Prp precursor (human),NP_000302,Homo sapiens (human)
"troponin I, cardiac muscle (human)",NP_000354,Homo sapiens (human)
"platelet-activating factor acetylhydrolase 2, cytoplasmic (human)",NP_000428,Homo sapiens (human)
nuclear receptor subfamily 0 group B member 1 (human),NP_000466,Homo sapiens (human)
"alkaline phosphatase, tissue-nonspecific isozyme isoform 1 preproprotein (human)",NP_000469,Homo sapiens (human)
cystic fibrosis transmembrane conductance regulator (human),NP_000483,Homo sapiens (human)
hemoglobin subunit beta (human),NP_000509,Homo sapiens (human)
5-hydroxytryptamine receptor 1A (human),NP_000515,Homo sapiens (human)
cellular tumor antigen p53 isoform a (human),NP_000537,Homo sapiens (human)
interleukin-1 beta proprotein (human),NP_000567,Homo sapiens (human)
integrin alpha-M isoform 2 precursor (human),NP_000623,Homo sapiens (human)
polyunsaturated fatty acid lipoxygenase ALOX12 (human),NP_000688,Homo sapiens (human)
vasopressin V1a receptor (human),NP_000697,Homo sapiens (human)
voltage-dependent N-type calcium channel subunit alpha-1B isoform 1 (human),NP_000709,Homo sapiens (human)
muscarinic acetylcholine receptor M1 (human),NP_000729,Homo sapiens (human)
muscarinic acetylcholine receptor M4 (human),NP_000732,Homo sapiens (human)
cytochrome P450 2C19 precursor (human),NP_000760,Homo sapiens (human)
cytochrome P450 2C9 precursor (human),NP_000762,Homo sapiens (human)
D(1A) dopamine receptor (human),NP_000785,Homo sapiens (human)
D(2) dopamine receptor isoform long (human),NP_000786,Homo sapiens (human)
15-hydroxyprostaglandin dehydrogenase [NAD(+)] isoform 1 (human),NP_000851,Homo sapiens (human)
integrin alpha-4 isoform 1 preproprotein (human),NP_000876,Homo sapiens (human)
neuropeptide Y receptor type 1 (human),NP_000900,Homo sapiens (human)
neuropeptide Y receptor type 2 (human),NP_000901,Homo sapiens (human)
delta-type opioid receptor (human),NP_000902,Homo sapiens (human)
kappa-type opioid receptor isoform 1 (human),NP_000903,Homo sapiens (human)
mu-type opioid receptor isoform MOR-1 (human),NP_000905,Homo sapiens (human)
oxytocin receptor (human),NP_000907,Homo sapiens (human)
ATP-dependent translocase ABCB1 isoform 2 (human),NP_000918,Homo sapiens (human)
prostaglandin E2 receptor EP2 subtype (human),NP_000947,Homo sapiens (human)
"troponin T, cardiac muscle isoform 3 (human)",NP_001001431,Homo sapiens (human)
N-formyl peptide receptor 2 (human),NP_001005738,Homo sapiens (human)
serine/threonine-protein phosphatase PP1-alpha catalytic subunit isoform 3 (human),NP_001008709,Homo sapiens (human)
perilipin-5 (human),NP_001013728,Homo sapiens (human)
Golgi-associated PDZ and coiled-coil motif-containing protein isoform b (human),NP_001017408,Homo sapiens (human)
vitamin D3 receptor isoform VDRA (human),NP_001017535,Homo sapiens (human)
Nuclear hormone receptor family member daf-12 (Caenorhabditis elegans),NP_001024547,Caenorhabditis elegans
protein artemis isoform a (human),NP_001029027,Homo sapiens (human)
regulator of G-protein signaling 19 (human),NP_001034556,Homo sapiens (human)
histone-lysine N-methyltransferase NSD2 isoform 1 (human),NP_001035889,Homo sapiens (human)
E3 ubiquitin-protein ligase UHRF1 isoform 1 (human),NP_001041666,Homo sapiens (human)
vascular cell adhesion protein 1 isoform a precursor (human),NP_001069,Homo sapiens (human)
cAMP-dependent protein kinase type I-alpha regulatory subunit (cattle),NP_001069826,Bos taurus (cattle)
intestinal alkaline phosphatase precursor (house mouse),NP_001074551,Mus musculus (house mouse)
chromobox protein homolog 1 (human),NP_001120700,Homo sapiens (human)
thyroid hormone receptor beta isoform a (human),NP_001121649,Homo sapiens (human)
DNA repair and recombination protein RAD54-like isoform 1 (human),NP_001136020,Homo sapiens (human)
phosphoethanolamine/phosphocholine phosphatase isoform 1 (human),NP_001137276,Homo sapiens (human)
nuclear factor erythroid 2-related factor 2 isoform 2 (human),NP_001138884,Homo sapiens (human)
platelet-activating factor acetylhydrolase IB subunit alpha1 (human),NP_001139412,Homo sapiens (human)
platelet-activating factor acetylhydrolase precursor (human),NP_001161829,Homo sapiens (human)
transcription activator BRG1 isoform 1 (house mouse),NP_001167549,Mus musculus (house mouse)
parathyroid hormone/parathyroid hormone-related peptide receptor precursor (human),NP_001171673,Homo sapiens (human)
platelet-activating factor acetylhydrolase IB subunit alpha2 isoform b (human),NP_001171675,Homo sapiens (human)
transcriptional regulator ERG isoform 3 (human),NP_001230357,Homo sapiens (human)
"arf-GAP with SH3 domain, ANK repeat and PH domain-containing protein 1 isoform 2 (human)",NP_001234925,Homo sapiens (human)
DNA (cytosine-5)-methyltransferase 1 isoform b (human),NP_001370,Homo sapiens (human)
sphingosine 1-phosphate receptor 1 (human),NP_001391,Homo sapiens (human)
endothelial PAS domain-containing protein 1 (human),NP_001421,Homo sapiens (human)
estrogen receptor beta isoform 1 (human),NP_001428,Homo sapiens (human)
orexin/Hypocretin receptor type 1 [Homo sapiens] (human),NP_001516,Homo sapiens (human)
beta-adrenergic receptor kinase 1 (human),NP_001610,Homo sapiens (human)
aryl hydrocarbon receptor (human),NP_001612,Homo sapiens (human)
complement C1s subcomponent isoform 1 preproprotein (human),NP_001725,Homo sapiens (human)
runt-related transcription factor 1 isoform AML1c (human),NP_001745,Homo sapiens (human)
procathepsin L isoform 1 preproprotein (human),NP_001903,Homo sapiens (human)
bifunctional epoxide hydrolase 2 isoform a (human),NP_001970,Homo sapiens (human)
fMet-Leu-Phe receptor (human),NP_002020,Homo sapiens (human)
glyceraldehyde-3-phosphate dehydrogenase isoform 1 (human),NP_002037,Homo sapiens (human)
guanine nucleotide-binding protein G(i) subunit alpha-1 isoform 1 (human),NP_002060,Homo sapiens (human)
glycogen synthase kinase-3 beta isoform 1 (human),NP_002084,Homo sapiens (human)
huntingtin isoform 2 (human),NP_002102,Homo sapiens (human)
importin subunit beta-1 isoform 1 (human),NP_002256,Homo sapiens (human)
E3 ubiquitin-protein ligase Mdm2 isoform a (human),NP_002383,Homo sapiens (human)
protein Mdm4 isoform 1 (human),NP_002384,Homo sapiens (human)
collagenase 3 preproprotein (human),NP_002418,Homo sapiens (human)
neurotensin receptor type 1 (human),NP_002522,Homo sapiens (human)
polyadenylate-binding protein 1 (human),NP_002559,Homo sapiens (human)
pyruvate kinase PKM isoform a (human),NP_002645,Homo sapiens (human)
DNA polymerase beta (human),NP_002681,Homo sapiens (human)
cAMP-dependent protein kinase catalytic subunit alpha isoform Calpha1 (human),NP_002721,Homo sapiens (human)
cAMP-dependent protein kinase type II-beta regulatory subunit (human),NP_002727,Homo sapiens (human)
serine/threonine-protein kinase D1 isoform 2 (human),NP_002733,Homo sapiens (human)
mitogen-activated protein kinase 1 (human),NP_002736,Homo sapiens (human)
polypyrimidine tract-binding protein 1 isoform a (human),NP_002810,Homo sapiens (human)
regulator of G-protein signaling 16 (human),NP_002919,Homo sapiens (human)
disintegrin and metalloproteinase domain-containing protein 17 isoform 1 preproprotein (human),NP_003174,Homo sapiens (human)
"troponin C, slow skeletal and cardiac muscles (human)",NP_003271,Homo sapiens (human)
thyrotropin-releasing hormone receptor (human),NP_003292,Homo sapiens (human)
SUMO-conjugating enzyme UBC9 (human),NP_003336,Homo sapiens (human)
ubiquitin-conjugating enzyme E2 N (human),NP_003339,Homo sapiens (human)
galanin receptor type 3 (human),NP_003605,Homo sapiens (human)
nuclear receptor coactivator 1 isoform 1 [Homo sapiens] (human),NP_003734,Homo sapiens (human)
tumor necrosis factor ligand superfamily member 10 isoform 1 (human),NP_003801,Homo sapiens (human)
receptor-interacting serine/threonine-protein kinase 2 isoform 1 (human),NP_003812,Homo sapiens (human)
nuclear receptor subfamily 5 group A member 2 isoform 2 (human),NP_003813,Homo sapiens (human)
tumor necrosis factor receptor superfamily member 10B isoform 1 precursor (human),NP_003833,Homo sapiens (human)
histone deacetylase 3 isoform 2 (human),NP_003874,Homo sapiens (human)
NEDD8-activating enzyme E1 regulatory subunit isoform a (human),NP_003896,Homo sapiens (human)
NEDD8-conjugating enzyme Ubc12 (human),NP_003960,Homo sapiens (human)
nuclear factor NF-kappa-B p105 subunit isoform 1 (human),NP_003989,Homo sapiens (human)
bcl-2-related protein A1 isoform 1 (human),NP_004040,Homo sapiens (human)
cathepsin S isoform 1 preproprotein (human),NP_004070,Homo sapiens (human)
dual specificity protein phosphatase 3 (human),NP_004081,Homo sapiens (human)
fatty acid synthase (human),NP_004095,Homo sapiens (human)
flap endonuclease 1 (human),NP_004102,Homo sapiens (human)
ubiquitin carboxyl-terminal hydrolase 2 isoform a (human),NP_004196,Homo sapiens (human)
sphingosine 1-phosphate receptor 2 (human),NP_004221,Homo sapiens (human)
ras-related protein Rab-9A (human),NP_004242,Homo sapiens (human)
ras and Rab interactor 1 isoform 1 (human),NP_004283,Homo sapiens (human)
caspase-3 isoform a preproprotein (human),NP_004337,Homo sapiens (human)
M-phase inducer phosphatase 2 isoform 2 (human),NP_004349,Homo sapiens (human)
C-C chemokine receptor type 6 (human),NP_004358,Homo sapiens (human)
dual specificity protein phosphatase 1 (human),NP_004408,Homo sapiens (human)
mitogen-activated protein kinase kinase kinase kinase 2 isoform 1 (human),NP_004570,Homo sapiens (human)
broad substrate specificity ATP-binding cassette transporter ABCG2 isoform 1 (human),NP_004818,Homo sapiens (human)
glutathione S-transferase omega-1 isoform 1 (human),NP_004823,Homo sapiens (human)
eukaryotic translation initiation factor 2-alpha kinase 3 isoform 1 precursor (human),NP_004827,Homo sapiens (human)
rho-associated protein kinase 2 isoform 1 (human),NP_004841,Homo sapiens (human)
G-protein coupled receptor 183 (human),NP_004942,Homo sapiens (human)
eukaryotic translation initiation factor 4 gamma 1 isoform 4 (human),NP_004944,Homo sapiens (human)
steroidogenic factor 1 (human),NP_004950,Homo sapiens (human)
insulin-degrading enzyme isoform 1 (human),NP_004960,Homo sapiens (human)
matrix metalloproteinase-14 preproprotein (human),NP_004986,Homo sapiens (human)
multidrug resistance-associated protein 1 (human),NP_004987,Homo sapiens (human)
serine/threonine-protein kinase PLK1 (human),NP_005021,Homo sapiens (human)
tyrosine-protein kinase ABL1 isoform a (human),NP_005148,Homo sapiens (human)
apelin receptor (human),NP_005152,Homo sapiens (human)
sphingosine 1-phosphate receptor 3 (human),NP_005217,Homo sapiens (human)
eyes absent homolog 2 isoform a (human),NP_005235,Homo sapiens (human)
FAD-linked sulfhydryl oxidase ALR (human),NP_005253,Homo sapiens (human)
G-protein coupled receptor 35 isoform a (human),NP_005292,Homo sapiens (human)
heat shock protein HSP 90-alpha isoform 2 (human),NP_005339,Homo sapiens (human)
regulator of G-protein signaling 4 isoform 2 (human),NP_005604,Homo sapiens (human)
G-protein coupled receptor 55 (human),NP_005674,Homo sapiens (human)
"ATP-binding cassette sub-family B member 6, mitochondrial isoform 1 (human)",NP_005680,Homo sapiens (human)
snurportin-1 (human),NP_005692,Homo sapiens (human)
mothers against decapentaplegic homolog 3 isoform 1 (human),NP_005893,Homo sapiens (human)
melanocortin receptor 4 (human),NP_005903,Homo sapiens (human)
histone-lysine N-methyltransferase 2A isoform 2 precursor (human),NP_005924,Homo sapiens (human)
nucleotide-binding oligomerization domain-containing protein 1 isoform 1 (human),NP_006083,Homo sapiens (human)
peptidyl-prolyl cis-trans isomerase NIMA-interacting 1 (human),NP_006212,Homo sapiens (human)
tumor susceptibility gene 101 protein (human),NP_006283,Homo sapiens (human)
GTP-binding nuclear protein Ran isoform 1 (human),NP_006316,Homo sapiens (human)
acyl-protein thioesterase 1 isoform 1 (human),NP_006321,Homo sapiens (human)
transforming acidic coiled-coil-containing protein 3 (human),NP_006333,Homo sapiens (human)
DNA polymerase eta isoform 1 (human),NP_006493,Homo sapiens (human)
nuclear receptor coactivator 2 isoform a (human),NP_006531,Homo sapiens (human)
C-X-C chemokine receptor type 6 (human),NP_006555,Homo sapiens (human)
heat shock cognate 71 kDa protein isoform 1 (human),NP_006588,Homo sapiens (human)
serine hydrolase RBBP9 (human),NP_006597,Homo sapiens (human)
COP9 signalosome complex subunit 5 (human),NP_006828,Homo sapiens (human)
tyrosine-protein phosphatase non-receptor type 5 isoform a (human),NP_008837,Homo sapiens (human)
DNA polymerase iota isoform a (long) (human),NP_009126,Homo sapiens (human)
signal transducer and activator of transcription 1-alpha/beta isoform alpha (human),NP_009330,Homo sapiens (human)
amino acid transporter AGP1 (Saccharomyces cerevisiae S288C),NP_009905,Saccharomyces cerevisiae S288C
CAAX prenyl protease (Saccharomyces cerevisiae S288C),NP_014001,Saccharomyces cerevisiae S288C
H(+)-transporting V0 sector ATPase subunit c' (Saccharomyces cerevisiae S288C),NP_015090,Saccharomyces cerevisiae S288C
DNA damage-inducible transcript 3 protein (house mouse),NP_031863,Mus musculus (house mouse)
eukaryotic translation initiation factor 4E isoform 1 (house mouse),NP_031943,Mus musculus (house mouse)
protein fosB isoform 1 (house mouse),NP_032062,Mus musculus (house mouse)
interleukin-2 precursor (house mouse),NP_032392,Mus musculus (house mouse)
integrin alpha-L isoform 2 precursor (house mouse),NP_032426,Mus musculus (house mouse)
inward rectifier potassium channel 2 (house mouse),NP_032451,Mus musculus (house mouse)
nuclear receptor coactivator 3 isoform 1 (house mouse),NP_032705,Mus musculus (house mouse)
urokinase-type plasminogen activator precursor (house mouse),NP_032899,Mus musculus (house mouse)
plasminogen precursor (house mouse),NP_032903,Mus musculus (house mouse)
bcl-2-related protein A1 (house mouse),NP_033872,Mus musculus (house mouse)
cAMP-dependent protein kinase catalytic subunit beta isoform 1 (house mouse),NP_035230,Mus musculus (house mouse)
urokinase plasminogen activator surface receptor precursor (house mouse),NP_035243,Mus musculus (house mouse)
nuclear receptor ROR-gamma isoform 1 (house mouse),NP_035411,Mus musculus (house mouse)
muscarinic acetylcholine receptor M5 (human),NP_036257,Homo sapiens (human)
protein-arginine deiminase type-4 (human),NP_036519,Homo sapiens (human)
tyrosine-protein phosphatase non-receptor type 22 isoform 2 (human),NP_036543,Homo sapiens (human)
kallikrein-5 preproprotein (human),NP_036559,Homo sapiens (human)
14-3-3 protein gamma (human),NP_036611,Homo sapiens (human)
dual specificity tyrosine-phosphorylation-regulated kinase 1A (Norway rat),NP_036923,Rattus norvegicus (Norway rat)
rac GTPase-activating protein 1 isoform a (human),NP_037409,Homo sapiens (human)
cysteine protease ATG4B isoform a (human),NP_037457,Homo sapiens (human)
short transient receptor potential channel 6 isoform 1 (house mouse),NP_038866,Mus musculus (house mouse)
polyprotein (West Nile virus),NP_041724,West Nile virus
sentrin-specific protease 1 (human),NP_055369,Homo sapiens (human)
lethal(3)malignant brain tumor-like protein 1 isoform I (human),NP_056293,Homo sapiens (human)
peroxisome proliferator-activated receptor gamma isoform 2 (human),NP_056953,Homo sapiens (human)
geminin (human),NP_056979,Homo sapiens (human)
tyrosine-protein phosphatase non-receptor type 22 isoform 1 (human),NP_057051,Homo sapiens (human)
1-acylglycerol-3-phosphate O-acyltransferase ABHD5 isoform a (human),NP_057090,Homo sapiens (human)
protein phosphatase methylesterase 1 isoform a (human),NP_057231,Homo sapiens (human)
DNA polymerase kappa isoform 1 (human),NP_057302,Homo sapiens (human)
potassium channel subfamily K member 9 (human),NP_057685,Homo sapiens (human)
tyrosyl-DNA phosphodiesterase 2 (human),NP_057698,Homo sapiens (human)
Vif (Human immunodeficiency virus 1),NP_057851,Human immunodeficiency virus 1
Vpr (Human immunodeficiency virus 1),NP_057852,Human immunodeficiency virus 1
"Envelope surface glycoprotein gp160, precursor (Human immunodeficiency virus 1)",NP_057856,Human immunodeficiency virus 1
scavenger receptor class B member 1 isoform 1 (house mouse),NP_058021,Mus musculus (house mouse)
survival motor neuron protein isoform d (human),NP_059107,Homo sapiens (human)
transient receptor potential cation channel subfamily V member 1 (human),NP_061197,Homo sapiens (human)
glycogen synthase kinase-3 alpha (human),NP_063937,Homo sapiens (human)
Golgi-associated PDZ and coiled-coil motif-containing protein isoform a (human),NP_065132,Homo sapiens (human)
NF-kappa-B inhibitor alpha (human),NP_065390,Homo sapiens (human)
mucolipin-1 (human),NP_065394,Homo sapiens (human)
guanine nucleotide-binding protein G(o) subunit alpha isoform a (human),NP_066268,Homo sapiens (human)
COUP transcription factor 2 isoform a (human),NP_066285,Homo sapiens (human)
muscleblind-like protein 1 isoform 1 (human),NP_066368,Homo sapiens (human)
histone acetyltransferase KAT2A isoform 1 (human),NP_066564,Homo sapiens (human)
voltage-dependent T-type calcium channel subunit alpha-1H isoform a (human),NP_066921,Homo sapiens (human)
carboxy-terminal domain RNA polymerase II polypeptide A small phosphatase 1 isoform 1 (human),NP_067021,Homo sapiens (human)
relaxin receptor 1 isoform 1 (human),NP_067647,Homo sapiens (human)
high affinity choline transporter 1 isoform a (human),NP_068587,Homo sapiens (human)
DNA dC->dU-editing enzyme APOBEC-3G isoform 1 (human),NP_068594,Homo sapiens (human)
transcription factor p65 isoform 1 (human),NP_068810,Homo sapiens (human)
nucleotide-binding oligomerization domain-containing protein 2 isoform 1 (human),NP_071445,Homo sapiens (human)
core-binding factor subunit beta isoform 1 (human),NP_074036,Homo sapiens (human)
5-hydroxytryptamine receptor 5A (human),NP_076917,Homo sapiens (human)
hexokinase HKDC1 (human),NP_079406,Homo sapiens (human)
serine/threonine-protein kinase 33 isoform a (human),NP_112168,Homo sapiens (human)
"alkaline phosphatase, germ cell type preproprotein (human)",NP_112603,Homo sapiens (human)
"NACHT, LRR and PYD domains-containing protein 1 isoform 1 (human)",NP_127497,Homo sapiens (human)
caspase-1 isoform alpha precursor (human),NP_150634,Homo sapiens (human)
hypothetical protein HP1089 (Helicobacter pylori 26695),NP_207880,Helicobacter pylori 26695
recombination protein RecB (Helicobacter pylori 26695),NP_208344,Helicobacter pylori 26695
fructose-bisphosphate aldolase (Mycobacterium tuberculosis H37Rv),NP_214877,Mycobacterium tuberculosis H37Rv
"1,4-dihydroxy-2-naphthoyl-CoA synthase (Mycobacterium tuberculosis H37Rv)",NP_215062,Mycobacterium tuberculosis H37Rv
bifunctional UDP-N-acetylglucosamine pyrophosphorylase/glucosamine-1-phosphate N-acetyltransferase (Mycobacterium tuberculosis H37Rv),NP_215534,Mycobacterium tuberculosis H37Rv
recombinase A (Mycobacterium tuberculosis H37Rv),NP_217253,Mycobacterium tuberculosis H37Rv
serine protease (Mycobacterium tuberculosis H37Rv),NP_218188,Mycobacterium tuberculosis H37Rv
UDP-galactopyranose mutase (Mycobacterium tuberculosis H37Rv),NP_218326,Mycobacterium tuberculosis H37Rv
streptokinase A precursor (Streptococcus pyogenes M1 GAS),NP_269944,Streptococcus pyogenes M1 GAS
anion-binding protein (Staphylococcus aureus subsp. aureus Mu50),NP_371243,Staphylococcus aureus subsp. aureus Mu50
hypothetical protein SA1422 (Staphylococcus aureus subsp. aureus N315),NP_374707,Staphylococcus aureus subsp. aureus N315
D(3) dopamine receptor isoform e (human),NP_387512,Homo sapiens (human)
Lon protease (Escherichia coli str. K-12 substr. MG1655),NP_414973,Escherichia coli str. K-12 substr. MG1655
endoribonuclease toxin MazF (Escherichia coli str. K-12 substr. MG1655),NP_417262,Escherichia coli str. K-12 substr. MG1655
exodeoxyribonuclease V subunit RecD (Escherichia coli str. K-12 substr. MG1655),NP_417296,Escherichia coli str. K-12 substr. MG1655
exodeoxyribonuclease V subunit RecB (Escherichia coli str. K-12 substr. MG1655),NP_417297,Escherichia coli str. K-12 substr. MG1655
exodeoxyribonuclease V subunit RecC (Escherichia coli str. K-12 substr. MG1655),NP_417299,Escherichia coli str. K-12 substr. MG1655
twin arginine protein translocation system - TatA protein (Escherichia coli str. K-12 substr. MG1655),NP_418280,Escherichia coli str. K-12 substr. MG1655
dual specificity protein phosphatase 6 (Norway rat),NP_446335,Rattus norvegicus (Norway rat)
Female germline-specific tumor suppressor gld-1 (Caenorhabditis elegans),NP_492143,Caenorhabditis elegans
tyrosine-protein phosphatase non-receptor type 7 isoform 2 (human),NP_542155,Homo sapiens (human)
potassium voltage-gated channel subfamily KQT member 2 (Norway rat),NP_579856,Rattus norvegicus (Norway rat)
protein phosphatase 1 regulatory subunit 15A (Norway rat),NP_598230,Rattus norvegicus (Norway rat)
(Lyso)-N-acylphosphatidylethanolamine lipase isoform 1 (house mouse),NP_598837,Mus musculus (house mouse)
trace amine-associated receptor 1 (human),NP_612200,Homo sapiens (human)
bcl-2-like protein 11 isoform 1 (human),NP_619527,Homo sapiens (human)
diacylglycerol lipase-beta isoform 1 (human),NP_631918,Homo sapiens (human)
kallikrein-7 isoform 1 preproprotein (human),NP_644806,Homo sapiens (human)
lethal factor (plasmid) (Bacillus anthracis str. A2012),NP_652928,Bacillus anthracis str. A2012
ADP-ribosylation factor GTPase-activating protein 1 (Norway rat),NP_659558,Rattus norvegicus (Norway rat)
sentrin-specific protease 8 (human),NP_660205,Homo sapiens (human)
DNA dC->dU-editing enzyme APOBEC-3F isoform a (human),NP_660341,Homo sapiens (human)
DNA dC->dU-editing enzyme APOBEC-3A isoform a (human),NP_663745,Homo sapiens (human)
heat shock cognate 71 kDa protein isoform 2 (human),NP_694881,Homo sapiens (human)
lamin isoform A-delta10 (human),NP_733822,Homo sapiens (human)
Protein skinhead-1 (Caenorhabditis elegans),NP_741406,Caenorhabditis elegans
5-hydroxytryptamine receptor 2A (house mouse),NP_766400,Mus musculus (house mouse)
nuclear receptor subfamily 4 group A member 1 isoform 1 (human),NP_775180,Homo sapiens (human)
intestinal-type alkaline phosphatase precursor (cattle),NP_776412,Bos taurus (cattle)
14-3-3 protein zeta/delta (cattle),NP_777239,Bos taurus (cattle)
YopH (plasmid) (Yersinia enterocolitica),NP_783699,Yersinia enterocolitica
tubulin beta chain isoform b (human),NP_821133,Homo sapiens (human)
ORF1ab polyprotein (SARS coronavirus Tor2),NP_828849,SARS coronavirus Tor2
anoctamin-1 isoform 1 (house mouse),NP_848757,Mus musculus (house mouse)
microtubule-associated proteins 1A/1B light chain 3A isoform b (human),NP_852610,Homo sapiens (human)
nuclear receptor coactivator 3 isoform a (human),NP_858045,Homo sapiens (human)
"transient receptor potential cation channel, subfamily N, member 1 (zebrafish)",NP_899192,Danio rerio (zebrafish)
mitogen-activated protein kinase kinase kinase 3 isoform 1 (human),NP_976226,Homo sapiens (human)
kelch-like ECH-associated protein 1 (human),NP_987096,Homo sapiens (human)
neuropeptide S receptor isoform A (human),NP_997055,Homo sapiens (human)
cAMP-dependent protein kinase catalytic subunit beta isoform 3 (human),NP_997461,Homo sapiens (human)
Polyunsaturated fatty acid lipoxygenase ALOX15B (human),O15296,Homo sapiens (human)
Toll-like receptor 3 (human),O15455,Homo sapiens (human)
Galanin receptor type 2 (human),O43603,Homo sapiens (human)
PglD  (Campylobacter jejuni),O86157,Campylobacter jejuni
Rap guanine nucleotide exchange factor 3 (human),O95398,Homo sapiens (human)
Coagulation factor XII (human),P00748,Homo sapiens (human)
Glycoprotein hormones alpha chain (human),P01215,Homo sapiens (human)
Lysosomal acid glucosylceramidase (human),P04062,Homo sapiens (human)
Amyloid-beta precursor protein (human),P05067,Homo sapiens (human)
Muscarinic acetylcholine receptor M1 (Norway rat),P08482,Rattus norvegicus (Norway rat)
Guanine nucleotide-binding protein G(i) subunit alpha-3 (Norway rat),P08753,Rattus norvegicus (Norway rat)
tRNA threonylcarbamoyladenosine biosynthesis protein TsaE (Escherichia coli K-12),P0AF67,Escherichia coli K-12
Apoptosis regulator Bcl-2 (human),P10415,Homo sapiens (human)
Polyunsaturated fatty acid lipoxygenase ALOX12 (human),P18054,Homo sapiens (human)
Low molecular weight phosphotyrosine protein phosphatase (human),P24666,Homo sapiens (human)
5-hydroxytryptamine receptor 1E (human),P28566,Homo sapiens (human)
RAC-alpha serine/threonine-protein kinase (human),P31749,Homo sapiens (human)
Nuclear receptor ROR-alpha (human),P35398,Homo sapiens (human)
RNA-binding protein FUS (human),P35637,Homo sapiens (human)
Alpha-synuclein (human),P37840,Homo sapiens (human)
Huntingtin (human),P42858,Homo sapiens (human)
Phosphatidylinositol 5-phosphate 4-kinase type-2 alpha (human),P48426,Homo sapiens (human)
Mitogen-activated protein kinase 10 (human),P53779,Homo sapiens (human)
Ephrin type-B receptor 4 (human),P54760,Homo sapiens (human)
Caspase-7 (human),P55210,Homo sapiens (human)
Ras-related protein Rab-2A (dog),P61105,Canis lupus familiaris (dog)
Guanine nucleotide-binding protein G(s) subunit alpha isoforms short (human),P63092,Homo sapiens (human)
Inositol monophosphatase 1 (Norway rat),P97697,Rattus norvegicus (Norway rat)
Salicylate synthase (Mycobacterium tuberculosis CDC1551),P9WFX0,Mycobacterium tuberculosis CDC1551
Focal adhesion kinase 1 (human),Q05397,Homo sapiens (human)
HTRA1 protein  (human),Q05DJ8,Homo sapiens (human)
TAR DNA-binding protein 43 (human),Q13148,Homo sapiens (human)
Rap guanine nucleotide exchange factor 4 (human),Q8WZA2,Homo sapiens (human)
Ubiquitin carboxyl-terminal hydrolase BAP1 (human),Q92560,Homo sapiens (human)
Ataxin-2 (human),Q99700,Homo sapiens (human)
Phosphatidylinositol 4-kinase type 2-alpha (human),Q9BTU6,Homo sapiens (human)
Sialate O-acetylesterase (human),Q9HAT2,Homo sapiens (human)
Relaxin receptor 1 (human),Q9HBX9,Homo sapiens (human)
Bcl-2-like protein 10 (human),Q9HD36,Homo sapiens (human)
Zinc finger protein mex-5 (Caenorhabditis elegans),Q9XUB2,Caenorhabditis elegans
phosphoglycerate kinase (Trypanosoma brucei brucei TREU927),XP_001218773,Trypanosoma brucei brucei TREU927
"HSP40, subfamily A [Plasmodium falciparum 3D7] (Plasmodium falciparum 3D7)",XP_001348533,Plasmodium falciparum 3D7
"heat shock protein 90, putative (Plasmodium falciparum 3D7)",XP_001348591,Plasmodium falciparum 3D7
M17 leucyl aminopeptidase (Plasmodium falciparum 3D7),XP_001348613,Plasmodium falciparum 3D7
M1-family alanyl aminopeptidase (Plasmodium falciparum 3D7),XP_001349846,Plasmodium falciparum 3D7
hypothetical protein CAALFM_CR05890CA (Candida albicans SC5314),XP_711691,Candida albicans SC5314
likely tRNA 2'-phosphotransferase (Candida albicans SC5314),XP_717710,Candida albicans SC5314
H3 histone acetyltransferase (Candida albicans SC5314),XP_718648,Candida albicans SC5314
"methionyl-tRNA synthetase, putative (Trypanosoma brucei brucei TREU927)",XP_822407,Trypanosoma brucei brucei TREU927
ATP-dependent phosphofructokinase (Trypanosoma brucei brucei TREU927),XP_843920,Trypanosoma brucei brucei TREU927
ORF73 (Human gammaherpesvirus 8),YP_001129431,Human gammaherpesvirus 8
BZLF2 (Epstein-Barr virus type 2),YP_001129466,Human herpesvirus 4 type 2 (Epstein-Barr virus type 2)
botulinum neurotoxin type A (Clostridium botulinum A str. ATCC 3502),YP_001253342,Clostridium botulinum A str. ATCC 3502
replicative DNA helicase (Staphylococcus aureus subsp. aureus JH1),YP_001315171,Staphylococcus aureus subsp. aureus JH1
MarR family regulatory protein (Staphylococcus aureus subsp. aureus str. Newman),YP_001331689,Staphylococcus aureus subsp. aureus str. Newman
protein PvdQ (Pseudomonas aeruginosa LESB58),YP_002440506,Pseudomonas aeruginosa LESB58
large T antigen (Betapolyomavirus macacae),YP_003708382,Betapolyomavirus macacae
gamma-glutamyltranspeptidase (plasmid) (Bacillus anthracis str. 'Ames Ancestor'),YP_016573,Bacillus anthracis str. 'Ames Ancestor'
putative polyprotein (Crimean-Congo hemorrhagic fever orthonairovirus),YP_325663,Crimean-Congo hemorrhagic fever orthonairovirus
protein Zta (Epstein-Barr virus),YP_401673,human gammaherpesvirus 4 (Epstein-Barr virus)
mevalonate kinase (Streptococcus pneumoniae D39),YP_815859,Streptococcus pneumoniae D39
"botulinum neurotoxin type F, BoNT/F (Clostridium botulinum Bf)",ZP_02619427,Clostridium botulinum Bf
"FMDV polyprotein, partial (Foot-and-mouth disease virus)",AAA42670,Foot-and-mouth disease virus
,578162,
PAX8 (human),AAB34216,Homo sapiens (human)
glycosyl-phosphatidylinositol protein (Candida albicans),AAG29538,Candida albicans
electroneutral potassium-chloride cotransporter KCC2 (human),AAG43493,Homo sapiens (human)
ERAP1 protein (human),AAH30775,Homo sapiens (human)
"Potassium inwardly-rectifying channel, subfamily J, member 1 (human)",AAI36361,Homo sapiens (human)
cystic fibrosis transmembrane conductance regulator ATP-binding cassette sub-family C member 7 (human),ABD72211,Homo sapiens (human)
"S100A4, partial (human)",CAG29341,Homo sapiens (human)
E-selectin precursor (human),NP_000441,Homo sapiens (human)
catenin beta-1 isoform 1 (human),NP_001895,Homo sapiens (human)
protein AF-9 isoform a (human),NP_004520,Homo sapiens (human)
fibroblast growth factor 22 isoform 1 precursor (human),NP_065688,Homo sapiens (human)
dTDP-4-dehydrorhamnose reductase (Mycobacterium tuberculosis H37Rv),NP_217783,Mycobacterium tuberculosis H37Rv
"dTDP-4-dehydrorhamnose 3,5-epimerase (Mycobacterium tuberculosis H37Rv)",NP_217982,Mycobacterium tuberculosis H37Rv
DNA repair protein RAD52 homolog isoform a (human),NP_602296,Homo sapiens (human)
Protein disulfide-isomerase A6 (human),Q15084,Homo sapiens (human)
"NAD-dependent protein deacylase sirtuin-5, mitochondrial (human)",Q9NXA8,Homo sapiens (human)
toxin B (Clostridioides difficile 630),YP_001087135,Clostridioides difficile 630
transcriptional coactivator YAP1 isoform 1 (human),NP_001123617,Homo sapiens (human)
microphthalmia-associated transcription factor isoform 9 (human),NP_001341533,Homo sapiens (human)
ephrin type-A receptor 4 precursor (house mouse),NP_031962,Mus musculus (house mouse)
G-protein coupled receptor 151 (human),Q8TDV0,Homo sapiens (human)
"Caspase 6, apoptosis-related cysteine peptidase (human)",AAH04460,Homo sapiens (human)
"RNA-editing ligase 1, mitochondrial (Trypanosoma brucei brucei)",P86926,Trypanosoma brucei brucei
Photinus pyralis luciferase (Shuttle vector pANFluc),ABM67533,Shuttle vector pANFluc
transactivating tegument protein VP16 [Human herpesvirus 1] (Herpes simplex virus type 1),NP_044650,Human alphaherpesvirus 1 (Herpes simplex virus type 1)
TTR (human),CAG33189,Homo sapiens (human)
autoinducer synthetase family protein (Burkholderia mallei ATCC 23344),AAU46702,Burkholderia mallei ATCC 23344
enterobactin synthase subunit E (Acinetobacter baumannii ATCC 17978),YP_001085402,Acinetobacter baumannii ATCC 17978
"Chain A, RIBONUCLEASE H (Human immunodeficiency virus 1)",1O1W_A,Human immunodeficiency virus 1
Cyclic GMP-AMP synthase (house mouse),Q8C6L5,Mus musculus (house mouse)
Cyclic GMP-AMP synthase (human),Q8N884,Homo sapiens (human)
