pdb|1DE9|A	XP_001351132.1	35.644	60	202	1.15e-25	104	XP_001351132.1 DNA-(apurinic or apyrimidinic site) lyase, putative [Plasmodium falciparum 3D7]
pdb|2O23|A	XP_001352100.1	26.693	93	251	1.64e-23	95.5	XP_001352100.1 3-oxoacyl-[acyl-carrier-protein] reductase [Plasmodium falciparum 3D7]
pdb|2O23|B	XP_001352100.1	26.693	93	251	1.64e-23	95.5	XP_001352100.1 3-oxoacyl-[acyl-carrier-protein] reductase [Plasmodium falciparum 3D7]
pdb|2W2I|A	XP_001349427.1	41.975	37	81	1.17e-15	77.0	XP_001349427.1 JmjC domain-containing protein, putative [Plasmodium falciparum 3D7]
pdb|2W2I|A	XP_001349427.1	40.385	37	52	1.44e-06	48.5	XP_001349427.1 JmjC domain-containing protein, putative [Plasmodium falciparum 3D7]
pdb|2WWY|A	XP_001348452.1	36.430	64	409	2.23e-70	245	XP_001348452.1 ADP-dependent DNA helicase RecQ [Plasmodium falciparum 3D7]
pdb|2WWY|A	XP_001352057.1	34.014	66	441	1.67e-68	234	XP_001352057.1 ATP-dependent DNA helicase Q1 [Plasmodium falciparum 3D7]
pdb|2WWY|A	XP_001351833.1	30.851	16	94	2.67e-08	55.1	XP_001351833.1 ATP-dependent RNA helicase DDX41, putative [Plasmodium falciparum 3D7]
pdb|2WWY|A	XP_001348829.1	27.778	15	90	1.32e-07	52.4	XP_001348829.1 eukaryotic initiation factor 4A [Plasmodium falciparum 3D7]
pdb|2WWY|A	XP_001348611.2	22.353	53	340	1.54e-07	52.4	XP_001348611.2 ATP-dependent RNA helicase DDX5, putative [Plasmodium falciparum 3D7]
pdb|3I06|A	XP_001347836.1	40.777	90	206	7.99e-43	148	XP_001347836.1 cysteine proteinase falcipain 2a [Plasmodium falciparum 3D7]
pdb|3I06|A	XP_001347832.1	39.806	90	206	8.82e-42	145	XP_001347832.1 cysteine proteinase falcipain 2b [Plasmodium falciparum 3D7]
pdb|3I06|A	XP_001347833.1	37.799	92	209	1.14e-37	135	XP_001347833.1 cysteine proteinase falcipain 3 [Plasmodium falciparum 3D7]
pdb|3I06|A	XP_001348727.1	31.718	93	227	4.55e-34	125	XP_001348727.1 cysteine proteinase falcipain 1 [Plasmodium falciparum 3D7]
pdb|3I06|A	XP_001351902.1	24.889	88	225	9.68e-13	65.1	XP_001351902.1 serine repeat antigen 9 [Plasmodium falciparum 3D7]
AAB03573.1	XP_001348360.1	23.744	98	219	3.80e-17	75.1	XP_001348360.1 glutathione S-transferase [Plasmodium falciparum 3D7]
AAC35244.2	XP_024329017.1	45.509	97	501	1.67e-143	421	XP_024329017.1 thioredoxin reductase [Plasmodium falciparum 3D7]
AAC35244.2	XP_002808951.1	45.509	97	501	7.85e-143	422	XP_002808951.1 thioredoxin reductase [Plasmodium falciparum 3D7]
AAC35244.2	XP_001348365.1	32.842	86	475	6.25e-68	224	XP_001348365.1 glutathione reductase [Plasmodium falciparum 3D7]
AAC35244.2	XP_024329200.1	32.842	86	475	1.47e-67	224	XP_024329200.1 glutathione reductase [Plasmodium falciparum 3D7]
AAC35244.2	XP_001350716.2	28.039	95	510	4.99e-30	121	XP_001350716.2 dihydrolipoyl dehydrogenase, mitochondrial [Plasmodium falciparum 3D7]
AAC37594.1	XP_001351466.1	43.396	3	53	5.81e-08	56.2	XP_001351466.1 RING zinc finger protein, putative [Plasmodium falciparum 3D7]
AAC37594.1	XP_966256.1	34.483	3	58	5.95e-08	55.8	XP_966256.1 E3 ubiquitin-protein ligase RNF5, putative [Plasmodium falciparum 3D7]
AAC37594.1	XP_001350464.1	28.736	5	87	1.08e-07	55.5	XP_001350464.1 zinc finger protein, putative [Plasmodium falciparum 3D7]
AAC37594.1	XP_001347402.2	42.254	4	71	5.36e-07	53.1	XP_001347402.2 RING zinc finger protein, putative [Plasmodium falciparum 3D7]
AAC46381.1	XP_001351149.1	45.930	87	172	1.99e-48	160	XP_001351149.1 ATP-dependent Clp protease proteolytic subunit [Plasmodium falciparum 3D7]
AAC46381.1	XP_001348522.1	36.066	87	183	4.67e-30	109	XP_001348522.1 ATP-dependent Clp protease proteolytic subunit [Plasmodium falciparum 3D7]
AAC50996.1	XP_001351616.1	46.341	81	82	3.84e-23	84.0	XP_001351616.1 small ubiquitin-related modifier [Plasmodium falciparum 3D7]
AAC57158.1	XP_001347603.1	30.556	22	180	4.03e-15	78.2	XP_001347603.1 conserved Plasmodium protein, unknown function [Plasmodium falciparum 3D7]
AAC57158.1	XP_001347603.1	39.877	22	163	5.07e-13	71.6	XP_001347603.1 conserved Plasmodium protein, unknown function [Plasmodium falciparum 3D7]
AAC57158.1	XP_001347603.1	26.519	22	181	2.14e-12	69.3	XP_001347603.1 conserved Plasmodium protein, unknown function [Plasmodium falciparum 3D7]
AAC57158.1	XP_001347603.1	41.538	22	130	1.93e-11	66.2	XP_001347603.1 conserved Plasmodium protein, unknown function [Plasmodium falciparum 3D7]
AAC57158.1	XP_001347603.1	25.556	22	180	4.89e-11	65.1	XP_001347603.1 conserved Plasmodium protein, unknown function [Plasmodium falciparum 3D7]
AAC57158.1	XP_001347603.1	39.844	22	128	2.60e-10	62.8	XP_001347603.1 conserved Plasmodium protein, unknown function [Plasmodium falciparum 3D7]
AAC57158.1	XP_001347603.1	36.496	22	137	4.47e-09	58.9	XP_001347603.1 conserved Plasmodium protein, unknown function [Plasmodium falciparum 3D7]
AAC57158.1	XP_001347603.1	34.711	22	121	1.06e-06	51.2	XP_001347603.1 conserved Plasmodium protein, unknown function [Plasmodium falciparum 3D7]
AAC57158.1	XP_001349661.1	35.577	11	104	9.40e-11	63.5	XP_001349661.1 conserved Plasmodium protein, unknown function [Plasmodium falciparum 3D7]
AAC57158.1	XP_001349661.1	32.727	11	110	1.86e-06	50.1	XP_001349661.1 conserved Plasmodium protein, unknown function [Plasmodium falciparum 3D7]
AAC57158.1	XP_001348088.1	36.364	14	110	9.91e-11	64.7	XP_001348088.1 conserved Plasmodium protein, unknown function [Plasmodium falciparum 3D7]
AAC57158.1	XP_001348088.1	40.000	14	95	2.94e-10	63.2	XP_001348088.1 conserved Plasmodium protein, unknown function [Plasmodium falciparum 3D7]
AAC57158.1	XP_001348088.1	40.000	14	95	2.94e-10	63.2	XP_001348088.1 conserved Plasmodium protein, unknown function [Plasmodium falciparum 3D7]
AAC57158.1	XP_001348088.1	35.593	14	118	1.25e-09	61.2	XP_001348088.1 conserved Plasmodium protein, unknown function [Plasmodium falciparum 3D7]
AAC57158.1	XP_001348088.1	40.260	14	77	5.79e-07	52.4	XP_001348088.1 conserved Plasmodium protein, unknown function [Plasmodium falciparum 3D7]
AAC57158.1	XP_001348088.1	38.889	14	90	2.43e-06	50.4	XP_001348088.1 conserved Plasmodium protein, unknown function [Plasmodium falciparum 3D7]
AAC57158.1	XP_001347860.1	45.161	10	93	6.40e-10	62.0	XP_001347860.1 insulinase, putative [Plasmodium falciparum 3D7]
AAC57158.1	XP_001347860.1	42.735	10	117	2.50e-09	60.1	XP_001347860.1 insulinase, putative [Plasmodium falciparum 3D7]
AAC57158.1	XP_001347860.1	41.071	10	112	2.55e-08	57.0	XP_001347860.1 insulinase, putative [Plasmodium falciparum 3D7]
AAC57158.1	XP_001349872.1	22.043	16	186	3.75e-09	59.7	XP_001349872.1 conserved Plasmodium membrane protein, unknown function [Plasmodium falciparum 3D7]
AAC57158.1	XP_001349872.1	26.923	16	156	1.59e-08	57.4	XP_001349872.1 conserved Plasmodium membrane protein, unknown function [Plasmodium falciparum 3D7]
AAC57158.1	XP_001349872.1	30.928	16	97	1.81e-07	53.9	XP_001349872.1 conserved Plasmodium membrane protein, unknown function [Plasmodium falciparum 3D7]
AAC57158.1	XP_001349872.1	30.612	16	98	2.60e-07	53.5	XP_001349872.1 conserved Plasmodium membrane protein, unknown function [Plasmodium falciparum 3D7]
AAC63361.1	XP_001348452.1	35.874	28	446	4.99e-74	270	XP_001348452.1 ADP-dependent DNA helicase RecQ [Plasmodium falciparum 3D7]
AAC63361.1	XP_001352057.1	30.599	27	451	2.36e-53	199	XP_001352057.1 ATP-dependent DNA helicase Q1 [Plasmodium falciparum 3D7]
AAC63361.1	XP_001350990.2	36.429	10	140	9.48e-12	67.4	XP_001350990.2 3'-5' exonuclease, putative [Plasmodium falciparum 3D7]
AAC63361.1	XP_001351742.1	24.793	22	363	3.35e-10	63.2	XP_001351742.1 ATP-dependent RNA helicase DDX23, putative [Plasmodium falciparum 3D7]
AAC63361.1	XP_001351530.1	26.316	10	171	7.25e-10	61.2	XP_001351530.1 eukaryotic initiation factor 4A-III, putative [Plasmodium falciparum 3D7]
AAH09524.1	XP_001350391.1	35.106	99	94	4.15e-16	69.7	XP_001350391.1 26S proteasome regulatory subunit RPN11, putative [Plasmodium falciparum 3D7]
AAH10859.1	XP_002808883.1	29.352	96	494	2.00e-62	210	XP_002808883.1 protein disulfide isomerase [Plasmodium falciparum 3D7]
AAH10859.1	XP_001348868.1	20.293	83	478	2.13e-22	99.0	XP_001348868.1 protein disulfide-isomerase [Plasmodium falciparum 3D7]
AAH10859.1	XP_001348868.1	34.021	83	97	5.38e-15	75.9	XP_001348868.1 protein disulfide-isomerase [Plasmodium falciparum 3D7]
AAH10859.1	XP_001352065.1	19.905	78	422	4.16e-14	72.8	XP_001352065.1 protein disulfide isomerase [Plasmodium falciparum 3D7]
AAH10859.1	XP_001348023.1	35.514	41	107	4.97e-14	72.4	XP_001348023.1 protein disulfide isomerase [Plasmodium falciparum 3D7]
AAH10859.1	XP_001348023.1	33.636	41	110	1.20e-13	71.2	XP_001348023.1 protein disulfide isomerase [Plasmodium falciparum 3D7]
AAH10859.1	XP_001350237.1	37.179	31	78	9.49e-14	68.6	XP_001350237.1 thioredoxin-related protein, putative [Plasmodium falciparum 3D7]
AAH10859.1	XP_001350237.1	38.824	31	85	1.07e-11	62.8	XP_001350237.1 thioredoxin-related protein, putative [Plasmodium falciparum 3D7]
AAH18745.1	XP_001350976.3	50.000	21	46	5.41e-06	45.1	XP_001350976.3 ubiquitin carboxyl-terminal hydrolase 1, putative [Plasmodium falciparum 3D7]
AAH19268.2	XP_001348416.1	49.508	87	305	5.50e-103	307	XP_001348416.1 protein arginine N-methyltransferase 1 [Plasmodium falciparum 3D7]
AAH19268.2	XP_001349411.1	29.076	82	368	1.10e-34	133	XP_001349411.1 histone-arginine methyltransferase CARM1, putative [Plasmodium falciparum 3D7]
AAH30775.1	XP_001349846.1	26.271	36	354	3.39e-23	104	XP_001349846.1 M1-family alanyl aminopeptidase [Plasmodium falciparum 3D7]
AAI36467.1	XP_001347417.2	37.158	21	183	2.22e-27	119	XP_001347417.2 phosphoinositide-specific phospholipase C [Plasmodium falciparum 3D7]
AAI36467.1	XP_001347417.2	38.542	21	96	8.92e-15	78.2	XP_001347417.2 phosphoinositide-specific phospholipase C [Plasmodium falciparum 3D7]
AAI42682.1	XP_001347417.2	34.409	28	186	7.28e-23	104	XP_001347417.2 phosphoinositide-specific phospholipase C [Plasmodium falciparum 3D7]
AAI42682.1	XP_001347417.2	35.976	28	164	1.11e-21	100	XP_001347417.2 phosphoinositide-specific phospholipase C [Plasmodium falciparum 3D7]
AAN35928.1	XP_001348015.1	100.000	100	622	0.0	1302	XP_001348015.1 apical membrane antigen 1 [Plasmodium falciparum 3D7]
ABD72211.1	XP_001350233.1	29.891	25	184	8.35e-22	101	XP_001350233.1 ABC transporter B family member 6, putative [Plasmodium falciparum 3D7]
ABD72211.1	XP_001350233.1	31.841	25	201	1.45e-16	84.0	XP_001350233.1 ABC transporter B family member 6, putative [Plasmodium falciparum 3D7]
ABD72211.1	XP_001348629.1	27.000	27	200	1.02e-21	100	XP_001348629.1 multidrug resistance protein 2 [Plasmodium falciparum 3D7]
ABD72211.1	XP_001348629.1	30.698	27	215	1.38e-18	90.5	XP_001348629.1 multidrug resistance protein 2 [Plasmodium falciparum 3D7]
ABD72211.1	XP_001351787.1	22.321	56	560	1.62e-18	90.5	XP_001351787.1 multidrug resistance protein 1 [Plasmodium falciparum 3D7]
ABD72211.1	XP_001351787.1	23.194	56	263	5.31e-16	82.4	XP_001351787.1 multidrug resistance protein 1 [Plasmodium falciparum 3D7]
ABD72211.1	XP_001351787.1	19.734	56	451	5.33e-10	62.8	XP_001351787.1 multidrug resistance protein 1 [Plasmodium falciparum 3D7]
ABD72211.1	XP_001351787.1	32.593	56	135	3.59e-09	60.1	XP_001351787.1 multidrug resistance protein 1 [Plasmodium falciparum 3D7]
ABD72211.1	XP_001351050.1	19.585	50	674	7.09e-17	85.5	XP_001351050.1 multidrug resistance-associated protein 1 [Plasmodium falciparum 3D7]
ABD72211.1	XP_001351050.1	30.488	50	164	8.91e-14	75.1	XP_001351050.1 multidrug resistance-associated protein 1 [Plasmodium falciparum 3D7]
ABD72211.1	XP_001350688.1	36.154	15	130	9.59e-16	81.6	XP_001350688.1 multidrug resistance-associated protein 2 [Plasmodium falciparum 3D7]
ABD72211.1	XP_001350688.1	33.010	15	103	7.97e-12	68.9	XP_001350688.1 multidrug resistance-associated protein 2 [Plasmodium falciparum 3D7]
ABD77215.1	XP_001350171.1	64.595	99	370	0.0	510	XP_001350171.1 isocitrate dehydrogenase [NADP], mitochondrial [Plasmodium falciparum 3D7]
ABH03417.1	XP_001349989.1	99.367	100	316	0.0	637	XP_001349989.1 L-lactate dehydrogenase [Plasmodium falciparum 3D7]
ABH03417.1	XP_001349992.1	42.997	95	307	6.88e-89	267	XP_001349992.1 lactate dehydrogenase, putative [Plasmodium falciparum 3D7]
ABH03417.1	XP_966170.1	40.391	97	307	2.76e-72	224	XP_966170.1 malate dehydrogenase [Plasmodium falciparum 3D7]
ABM67533.1	XP_001351807.1	26.984	48	315	5.83e-16	79.3	XP_001351807.1 acyl-CoA synthetase [Plasmodium falciparum 3D7]
ABM67533.1	XP_966180.1	20.128	64	467	1.76e-14	75.1	XP_966180.1 acyl-CoA synthetase [Plasmodium falciparum 3D7]
ABM67533.1	XP_966261.1	26.822	57	343	2.17e-13	71.6	XP_966261.1 acetyl-CoA synthetase, putative [Plasmodium falciparum 3D7]
ABM67533.1	XP_001350916.1	30.811	33	185	6.12e-13	70.1	XP_001350916.1 acyl-CoA synthetase [Plasmodium falciparum 3D7]
ABM67533.1	XP_001349208.1	28.141	35	199	1.77e-12	68.6	XP_001349208.1 acyl-CoA synthetase [Plasmodium falciparum 3D7]
ADQ57959.1	XP_001350083.1	44.099	21	161	7.44e-11	65.1	XP_001350083.1 reticulocyte binding protein 2 homologue a [Plasmodium falciparum 3D7]
ADQ57959.1	XP_001350083.1	47.857	21	140	1.13e-10	64.7	XP_001350083.1 reticulocyte binding protein 2 homologue a [Plasmodium falciparum 3D7]
ADQ57959.1	XP_001350083.1	42.857	21	147	1.43e-07	54.3	XP_001350083.1 reticulocyte binding protein 2 homologue a [Plasmodium falciparum 3D7]
ADQ57959.1	XP_001350083.1	44.961	21	129	3.94e-06	49.7	XP_001350083.1 reticulocyte binding protein 2 homologue a [Plasmodium falciparum 3D7]
ADQ57959.1	XP_001350083.1	41.436	21	181	6.42e-06	48.9	XP_001350083.1 reticulocyte binding protein 2 homologue a [Plasmodium falciparum 3D7]
ADQ57959.1	XP_002808642.2	52.727	12	110	3.16e-10	63.2	XP_002808642.2 NYN domain-containing protein, putative [Plasmodium falciparum 3D7]
ADQ57959.1	XP_002808642.2	52.727	12	110	3.16e-10	63.2	XP_002808642.2 NYN domain-containing protein, putative [Plasmodium falciparum 3D7]
ADQ57959.1	XP_002808642.2	52.727	12	110	3.16e-10	63.2	XP_002808642.2 NYN domain-containing protein, putative [Plasmodium falciparum 3D7]
ADQ57959.1	XP_002808642.2	54.000	12	100	2.75e-08	56.6	XP_002808642.2 NYN domain-containing protein, putative [Plasmodium falciparum 3D7]
ADQ57959.1	XP_001350479.1	21.622	24	296	2.57e-08	57.0	XP_001350479.1 conserved Plasmodium protein, unknown function [Plasmodium falciparum 3D7]
ADQ57959.1	XP_001350479.1	23.445	24	209	1.11e-07	54.7	XP_001350479.1 conserved Plasmodium protein, unknown function [Plasmodium falciparum 3D7]
ADQ57959.1	XP_001350479.1	25.911	24	247	2.75e-07	53.5	XP_001350479.1 conserved Plasmodium protein, unknown function [Plasmodium falciparum 3D7]
ADQ57959.1	XP_001347860.1	41.935	9	93	1.13e-07	54.7	XP_001347860.1 insulinase, putative [Plasmodium falciparum 3D7]
ADQ57959.1	XP_001347860.1	43.478	9	92	7.85e-07	52.0	XP_001347860.1 insulinase, putative [Plasmodium falciparum 3D7]
ADQ57959.1	XP_001347860.1	44.086	9	93	3.14e-06	50.1	XP_001347860.1 insulinase, putative [Plasmodium falciparum 3D7]
ADQ57959.1	XP_001349505.1	20.158	22	253	4.22e-07	52.8	XP_001349505.1 Plasmodium exported protein (PHISTc), unknown function [Plasmodium falciparum 3D7]
BAA05005.1	XP_966180.1	23.670	55	376	1.47e-15	78.6	XP_966180.1 acyl-CoA synthetase [Plasmodium falciparum 3D7]
BAA05005.1	XP_001350782.1	25.568	54	352	9.41e-15	75.9	XP_001350782.1 acyl-CoA synthetase [Plasmodium falciparum 3D7]
BAA05005.1	XP_966261.1	25.562	59	356	5.10e-14	73.6	XP_966261.1 acetyl-CoA synthetase, putative [Plasmodium falciparum 3D7]
BAA05005.1	XP_001351807.1	23.810	51	336	3.16e-12	67.4	XP_001351807.1 acyl-CoA synthetase [Plasmodium falciparum 3D7]
BAA05005.1	XP_001350916.1	31.111	32	180	4.13e-11	63.9	XP_001350916.1 acyl-CoA synthetase [Plasmodium falciparum 3D7]
BAA25751.1	XP_001351113.1	25.581	45	215	2.52e-09	57.8	XP_001351113.1 IBR domain protein, putative [Plasmodium falciparum 3D7]
BAA25751.1	XP_001350369.1	30.556	15	72	1.34e-07	48.9	XP_001350369.1 ubiquitin-60S ribosomal protein L40 [Plasmodium falciparum 3D7]
BAA25751.1	XP_001350526.1	30.000	17	80	5.66e-07	49.7	XP_001350526.1 polyubiquitin [Plasmodium falciparum 3D7]
BAA25751.1	XP_001350526.1	30.000	17	80	5.66e-07	49.7	XP_001350526.1 polyubiquitin [Plasmodium falciparum 3D7]
BAA25751.1	XP_001350526.1	30.000	17	80	5.66e-07	49.7	XP_001350526.1 polyubiquitin [Plasmodium falciparum 3D7]
BAA25751.1	XP_001350526.1	30.000	17	80	5.66e-07	49.7	XP_001350526.1 polyubiquitin [Plasmodium falciparum 3D7]
BAA25751.1	XP_001350526.1	30.556	17	72	6.02e-07	49.7	XP_001350526.1 polyubiquitin [Plasmodium falciparum 3D7]
BAA25751.1	XP_001349866.1	30.189	11	53	2.18e-06	43.9	XP_001349866.1 ubiquitin-like protein nedd8 homologue, putative [Plasmodium falciparum 3D7]
BAA85004.1	XP_001350502.1	26.667	14	150	3.50e-06	49.7	XP_001350502.1 telomere repeat-binding zinc finger protein [Plasmodium falciparum 3D7]
CAC24715.1	XP_001348685.1	64.381	99	977	0.0	1158	XP_001348685.1 glucose-6-phosphate dehydrogenase-6-phosphogluconolactonase [Plasmodium falciparum 3D7]
CAD53472.1	XP_001347526.2	25.490	20	153	1.21e-07	52.4	XP_001347526.2 exported protein 3 [Plasmodium falciparum 3D7]
CAD53472.1	XP_024328905.1	41.818	14	55	4.53e-06	47.4	XP_024328905.1 WD repeat-containing protein, putative [Plasmodium falciparum 3D7]
CAD53472.1	XP_024328905.1	41.818	14	55	4.53e-06	47.4	XP_024328905.1 WD repeat-containing protein, putative [Plasmodium falciparum 3D7]
CAD53472.1	XP_024328905.1	41.818	14	55	4.53e-06	47.4	XP_024328905.1 WD repeat-containing protein, putative [Plasmodium falciparum 3D7]
CAG33322.1	XP_001350280.1	60.069	99	288	1.66e-125	358	XP_001350280.1 protein kinase 5 [Plasmodium falciparum 3D7]
CAG33322.1	XP_001351486.1	38.978	100	313	2.37e-63	210	XP_001351486.1 cdc2-related protein kinase 1 [Plasmodium falciparum 3D7]
CAG33322.1	XP_001347426.1	40.339	95	295	1.22e-61	196	XP_001347426.1 MO15-related protein kinase [Plasmodium falciparum 3D7]
CAG33322.1	XP_001348468.1	37.000	99	300	3.08e-54	187	XP_001348468.1 mitogen-activated protein kinase 1 [Plasmodium falciparum 3D7]
CAG33322.1	XP_001350099.1	35.314	99	303	3.75e-53	174	XP_001350099.1 protein kinase 6 [Plasmodium falciparum 3D7]
CAG38738.1	XP_001350171.1	64.179	97	402	0.0	551	XP_001350171.1 isocitrate dehydrogenase [NADP], mitochondrial [Plasmodium falciparum 3D7]
CAL20848.1	XP_001350185.1	23.464	65	358	3.15e-15	78.2	XP_001350185.1 DNA topoisomerase 3, putative [Plasmodium falciparum 3D7]
CAL20848.1	XP_001350185.1	23.651	65	241	1.44e-06	50.4	XP_001350185.1 DNA topoisomerase 3, putative [Plasmodium falciparum 3D7]
CAQ08732.1	XP_001352050.1	65.038	99	655	0.0	844	XP_001352050.1 heat shock protein 70 [Plasmodium falciparum 3D7]
CAQ08732.1	XP_024329068.1	62.117	99	652	0.0	812	XP_024329068.1 heat shock protein 70 [Plasmodium falciparum 3D7]
CAQ08732.1	XP_001349336.1	64.754	93	610	0.0	789	XP_001349336.1 heat shock protein 70 [Plasmodium falciparum 3D7]
CAQ08732.1	XP_001348022.1	51.876	93	613	0.0	601	XP_001348022.1 heat shock protein 70 [Plasmodium falciparum 3D7]
CAQ08732.1	XP_001349002.1	28.842	58	423	2.73e-44	168	XP_001349002.1 heat shock protein 110 [Plasmodium falciparum 3D7]
CDO16711.1	XP_001351646.1	41.121	60	107	9.50e-30	108	XP_001351646.1 single-stranded DNA-binding protein [Plasmodium falciparum 3D7]
EAW58811.1	XP_001347729.1	46.813	32	502	1.19e-132	446	XP_001347729.1 chromatin remodeling protein [Plasmodium falciparum 3D7]
EAW58811.1	XP_001349665.1	48.571	35	420	2.07e-118	411	XP_001349665.1 DEAD/DEAH box helicase, putative [Plasmodium falciparum 3D7]
EAW58811.1	XP_001349665.1	47.518	35	141	6.41e-34	141	XP_001349665.1 DEAD/DEAH box helicase, putative [Plasmodium falciparum 3D7]
EAW58811.1	XP_001347516.1	40.808	30	495	8.81e-103	364	XP_001347516.1 chromodomain-helicase-DNA-binding protein 1 homolog, putative [Plasmodium falciparum 3D7]
EAW58811.1	XP_002808863.1	40.584	30	308	1.79e-70	260	XP_002808863.1 Snf2-related CBP activator, putative [Plasmodium falciparum 3D7]
EAW58811.1	XP_002808863.1	40.361	30	166	3.10e-32	135	XP_002808863.1 Snf2-related CBP activator, putative [Plasmodium falciparum 3D7]
EAW58811.1	XP_966228.1	27.235	35	481	2.12e-34	143	XP_966228.1 SNF2 helicase, putative [Plasmodium falciparum 3D7]
EAW58811.1	XP_966228.1	44.720	35	161	2.80e-33	139	XP_966228.1 SNF2 helicase, putative [Plasmodium falciparum 3D7]
NP_000048.1	XP_001352057.1	36.943	30	471	5.81e-76	266	XP_001352057.1 ATP-dependent DNA helicase Q1 [Plasmodium falciparum 3D7]
NP_000048.1	XP_001348452.1	36.028	28	433	4.03e-67	248	XP_001348452.1 ADP-dependent DNA helicase RecQ [Plasmodium falciparum 3D7]
NP_000048.1	XP_001350668.1	27.350	8	117	1.14e-13	74.3	XP_001350668.1 DNA helicase 60 [Plasmodium falciparum 3D7]
NP_000048.1	XP_001351645.1	24.496	23	347	4.48e-12	69.3	XP_001351645.1 pre-mRNA-processing ATP-dependent RNA helicase PRP5, putative [Plasmodium falciparum 3D7]
NP_000048.1	XP_001351278.1	27.465	10	142	1.39e-10	63.5	XP_001351278.1 ATP-dependent RNA helicase DDX6 [Plasmodium falciparum 3D7]
NP_000483.3	XP_001350233.1	29.891	25	184	8.35e-22	101	XP_001350233.1 ABC transporter B family member 6, putative [Plasmodium falciparum 3D7]
NP_000483.3	XP_001350233.1	31.841	25	201	1.45e-16	84.0	XP_001350233.1 ABC transporter B family member 6, putative [Plasmodium falciparum 3D7]
NP_000483.3	XP_001348629.1	27.000	27	200	1.02e-21	100	XP_001348629.1 multidrug resistance protein 2 [Plasmodium falciparum 3D7]
NP_000483.3	XP_001348629.1	30.698	27	215	1.38e-18	90.5	XP_001348629.1 multidrug resistance protein 2 [Plasmodium falciparum 3D7]
NP_000483.3	XP_001351787.1	22.321	56	560	1.62e-18	90.5	XP_001351787.1 multidrug resistance protein 1 [Plasmodium falciparum 3D7]
NP_000483.3	XP_001351787.1	23.194	56	263	5.31e-16	82.4	XP_001351787.1 multidrug resistance protein 1 [Plasmodium falciparum 3D7]
NP_000483.3	XP_001351787.1	19.734	56	451	5.33e-10	62.8	XP_001351787.1 multidrug resistance protein 1 [Plasmodium falciparum 3D7]
NP_000483.3	XP_001351787.1	32.593	56	135	3.59e-09	60.1	XP_001351787.1 multidrug resistance protein 1 [Plasmodium falciparum 3D7]
NP_000483.3	XP_001351050.1	19.585	50	674	7.09e-17	85.5	XP_001351050.1 multidrug resistance-associated protein 1 [Plasmodium falciparum 3D7]
NP_000483.3	XP_001351050.1	30.488	50	164	8.91e-14	75.1	XP_001351050.1 multidrug resistance-associated protein 1 [Plasmodium falciparum 3D7]
NP_000483.3	XP_001350688.1	36.154	15	130	9.59e-16	81.6	XP_001350688.1 multidrug resistance-associated protein 2 [Plasmodium falciparum 3D7]
NP_000483.3	XP_001350688.1	33.010	15	103	7.97e-12	68.9	XP_001350688.1 multidrug resistance-associated protein 2 [Plasmodium falciparum 3D7]
NP_000851.2	XP_001352100.1	32.673	72	202	5.63e-23	94.0	XP_001352100.1 3-oxoacyl-[acyl-carrier-protein] reductase [Plasmodium falciparum 3D7]
NP_000851.2	XP_966244.1	24.658	53	146	2.88e-07	49.3	XP_966244.1 oxidoreductase, short-chain dehydrogenase family, putative [Plasmodium falciparum 3D7]
NP_000918.2	XP_001351787.1	29.100	98	1433	5.13e-179	566	XP_001351787.1 multidrug resistance protein 1 [Plasmodium falciparum 3D7]
NP_000918.2	XP_001351787.1	29.296	98	611	9.79e-62	230	XP_001351787.1 multidrug resistance protein 1 [Plasmodium falciparum 3D7]
NP_000918.2	XP_001348629.1	44.534	60	247	8.50e-63	231	XP_001348629.1 multidrug resistance protein 2 [Plasmodium falciparum 3D7]
NP_000918.2	XP_001348629.1	31.123	60	543	3.40e-60	223	XP_001348629.1 multidrug resistance protein 2 [Plasmodium falciparum 3D7]
NP_000918.2	XP_001350233.1	37.383	34	214	2.40e-41	164	XP_001350233.1 ABC transporter B family member 6, putative [Plasmodium falciparum 3D7]
NP_000918.2	XP_001350233.1	34.722	34	216	2.35e-39	157	XP_001350233.1 ABC transporter B family member 6, putative [Plasmodium falciparum 3D7]
NP_000918.2	XP_001348133.2	30.142	38	282	2.93e-30	127	XP_001348133.2 ABC transporter B family member 3, putative [Plasmodium falciparum 3D7]
NP_000918.2	XP_001348133.2	32.558	38	215	1.61e-29	125	XP_001348133.2 ABC transporter B family member 3, putative [Plasmodium falciparum 3D7]
NP_000918.2	XP_001350508.1	25.918	81	490	7.83e-25	110	XP_001350508.1 ABC transporter B family member 7, putative [Plasmodium falciparum 3D7]
NP_000918.2	XP_001350508.1	24.755	81	408	9.54e-20	94.0	XP_001350508.1 ABC transporter B family member 7, putative [Plasmodium falciparum 3D7]
NP_000918.2	XP_001350508.1	38.983	81	118	6.52e-18	88.2	XP_001350508.1 ABC transporter B family member 7, putative [Plasmodium falciparum 3D7]
NP_000918.2	XP_001350508.1	35.484	81	124	4.15e-17	85.5	XP_001350508.1 ABC transporter B family member 7, putative [Plasmodium falciparum 3D7]
NP_001035889.1	XP_001349960.1	38.547	12	179	7.59e-29	124	XP_001349960.1 histone-lysine N-methyltransferase SET2 [Plasmodium falciparum 3D7]
NP_001035889.1	XP_966279.2	35.821	10	134	7.96e-14	75.5	XP_966279.2 SET domain protein, putative [Plasmodium falciparum 3D7]
NP_001035889.1	XP_001349248.1	29.518	11	166	6.20e-12	68.9	XP_001349248.1 SET domain protein, putative [Plasmodium falciparum 3D7]
NP_001035889.1	XP_966228.1	25.837	13	209	1.70e-08	57.8	XP_966228.1 SNF2 helicase, putative [Plasmodium falciparum 3D7]
NP_001041666.1	XP_001350369.1	40.541	9	74	1.09e-07	49.7	XP_001350369.1 ubiquitin-60S ribosomal protein L40 [Plasmodium falciparum 3D7]
NP_001041666.1	XP_001350526.1	40.541	9	74	1.20e-06	49.7	XP_001350526.1 polyubiquitin [Plasmodium falciparum 3D7]
NP_001041666.1	XP_001350526.1	40.541	9	74	1.20e-06	49.7	XP_001350526.1 polyubiquitin [Plasmodium falciparum 3D7]
NP_001041666.1	XP_001350526.1	40.541	9	74	1.20e-06	49.7	XP_001350526.1 polyubiquitin [Plasmodium falciparum 3D7]
NP_001041666.1	XP_001350526.1	40.541	9	74	1.20e-06	49.7	XP_001350526.1 polyubiquitin [Plasmodium falciparum 3D7]
NP_001041666.1	XP_001350526.1	40.541	9	74	1.20e-06	49.7	XP_001350526.1 polyubiquitin [Plasmodium falciparum 3D7]
NP_001069826.1	XP_001350628.1	41.463	74	287	6.36e-68	219	XP_001350628.1 cAMP-dependent protein kinase regulatory subunit [Plasmodium falciparum 3D7]
NP_001069826.1	XP_001348520.1	33.571	75	280	4.27e-43	158	XP_001348520.1 cGMP-dependent protein kinase [Plasmodium falciparum 3D7]
NP_001069826.1	XP_001348520.1	32.727	75	110	6.61e-14	71.6	XP_001348520.1 cGMP-dependent protein kinase [Plasmodium falciparum 3D7]
NP_001069826.1	XP_001348520.1	20.849	75	259	2.11e-12	67.0	XP_001348520.1 cGMP-dependent protein kinase [Plasmodium falciparum 3D7]
NP_001120700.1	XP_001350607.1	39.394	33	66	4.67e-07	47.0	XP_001350607.1 heterochromatin protein 1 [Plasmodium falciparum 3D7]
NP_001234925.1	XP_024328998.1	43.396	9	106	1.08e-22	101	XP_024328998.1 ADP-ribosylation factor GTPase-activating protein, putative [Plasmodium falciparum 3D7]
NP_001234925.1	XP_002808714.1	43.396	9	106	1.10e-22	101	XP_002808714.1 ADP-ribosylation factor GTPase-activating protein, putative [Plasmodium falciparum 3D7]
NP_001234925.1	XP_001350832.1	38.636	7	88	6.62e-13	69.7	XP_001350832.1 ADP-ribosylation factor GTPase-activating protein [Plasmodium falciparum 3D7]
NP_001234925.1	XP_001349468.1	44.231	5	52	7.52e-11	64.3	XP_001349468.1 GTPase-activating protein, putative [Plasmodium falciparum 3D7]
NP_002037.2	XP_001348772.1	64.286	99	336	1.61e-160	450	XP_001348772.1 glyceraldehyde-3-phosphate dehydrogenase [Plasmodium falciparum 3D7]
NP_002060.4	XP_001347487.1	30.928	27	97	1.56e-07	49.3	XP_001347487.1 ADP-ribosylation factor [Plasmodium falciparum 3D7]
NP_002256.2	XP_001349372.1	30.455	95	857	7.15e-109	353	XP_001349372.1 importin subunit beta, putative [Plasmodium falciparum 3D7]
NP_002256.2	XP_966260.1	28.249	18	177	3.93e-14	75.1	XP_966260.1 transportin [Plasmodium falciparum 3D7]
NP_002559.2	XP_001350640.1	56.746	75	252	9.65e-92	301	XP_001350640.1 polyadenylate-binding protein 1, putative [Plasmodium falciparum 3D7]
NP_002559.2	XP_001350640.1	53.061	75	147	2.83e-38	150	XP_001350640.1 polyadenylate-binding protein 1, putative [Plasmodium falciparum 3D7]
NP_002559.2	XP_001350640.1	32.090	75	268	3.28e-35	140	XP_001350640.1 polyadenylate-binding protein 1, putative [Plasmodium falciparum 3D7]
NP_002559.2	XP_001350640.1	43.089	75	123	5.22e-21	96.3	XP_001350640.1 polyadenylate-binding protein 1, putative [Plasmodium falciparum 3D7]
NP_002559.2	XP_001350640.1	28.936	75	235	2.63e-19	90.9	XP_001350640.1 polyadenylate-binding protein 1, putative [Plasmodium falciparum 3D7]
NP_002559.2	XP_001350640.1	68.966	75	58	1.40e-13	72.4	XP_001350640.1 polyadenylate-binding protein 1, putative [Plasmodium falciparum 3D7]
NP_002559.2	XP_001350640.1	42.045	75	88	5.78e-13	70.5	XP_001350640.1 polyadenylate-binding protein 1, putative [Plasmodium falciparum 3D7]
NP_002559.2	XP_001350640.1	24.096	75	166	9.30e-11	63.5	XP_001350640.1 polyadenylate-binding protein 1, putative [Plasmodium falciparum 3D7]
NP_002559.2	XP_001350640.1	32.051	75	78	3.74e-07	51.6	XP_001350640.1 polyadenylate-binding protein 1, putative [Plasmodium falciparum 3D7]
NP_002559.2	XP_001348367.1	33.702	57	181	7.71e-24	103	XP_001348367.1 splicing factor 3B subunit 4, putative [Plasmodium falciparum 3D7]
NP_002559.2	XP_001348367.1	30.732	57	205	2.95e-19	89.7	XP_001348367.1 splicing factor 3B subunit 4, putative [Plasmodium falciparum 3D7]
NP_002559.2	XP_001348367.1	32.000	57	175	9.16e-18	84.7	XP_001348367.1 splicing factor 3B subunit 4, putative [Plasmodium falciparum 3D7]
NP_002559.2	XP_024328979.1	27.237	52	257	2.63e-17	82.8	XP_024328979.1 RNA-binding protein, putative [Plasmodium falciparum 3D7]
NP_002559.2	XP_024328979.1	29.046	52	241	2.71e-16	79.7	XP_024328979.1 RNA-binding protein, putative [Plasmodium falciparum 3D7]
NP_002559.2	XP_001349956.1	33.520	58	179	1.55e-14	75.5	XP_001349956.1 splicing factor 1 [Plasmodium falciparum 3D7]
NP_002559.2	XP_001349956.1	30.055	58	183	3.05e-09	58.5	XP_001349956.1 splicing factor 1 [Plasmodium falciparum 3D7]
NP_002559.2	XP_001349956.1	30.337	58	89	6.03e-07	51.2	XP_001349956.1 splicing factor 1 [Plasmodium falciparum 3D7]
NP_002559.2	XP_001349956.1	29.651	58	172	1.03e-06	50.4	XP_001349956.1 splicing factor 1 [Plasmodium falciparum 3D7]
NP_002559.2	XP_001349292.1	23.214	57	224	5.88e-13	68.2	XP_001349292.1 RNA-binding protein, putative [Plasmodium falciparum 3D7]
NP_002559.2	XP_001349292.1	32.323	57	99	2.31e-08	54.3	XP_001349292.1 RNA-binding protein, putative [Plasmodium falciparum 3D7]
NP_002559.2	XP_001349292.1	33.735	57	83	2.45e-06	48.1	XP_001349292.1 RNA-binding protein, putative [Plasmodium falciparum 3D7]
NP_002727.2	XP_001350628.1	38.047	71	297	6.10e-60	199	XP_001350628.1 cAMP-dependent protein kinase regulatory subunit [Plasmodium falciparum 3D7]
NP_002727.2	XP_001348520.1	28.369	67	282	4.09e-29	118	XP_001348520.1 cGMP-dependent protein kinase [Plasmodium falciparum 3D7]
NP_002727.2	XP_001348520.1	21.673	67	263	3.93e-08	53.9	XP_001348520.1 cGMP-dependent protein kinase [Plasmodium falciparum 3D7]
NP_002736.3	XP_001348468.1	43.182	84	308	2.61e-77	253	XP_001348468.1 mitogen-activated protein kinase 1 [Plasmodium falciparum 3D7]
NP_002736.3	XP_001347818.1	37.105	90	380	2.91e-71	229	XP_001347818.1 mitogen-activated protein kinase 2 [Plasmodium falciparum 3D7]
NP_002736.3	XP_001350280.1	39.597	81	298	1.38e-61	197	XP_001350280.1 protein kinase 5 [Plasmodium falciparum 3D7]
NP_002736.3	XP_001351486.1	36.778	85	329	3.38e-54	187	XP_001351486.1 cdc2-related protein kinase 1 [Plasmodium falciparum 3D7]
NP_002736.3	XP_001350099.1	34.228	79	298	4.24e-49	166	XP_001350099.1 protein kinase 6 [Plasmodium falciparum 3D7]
NP_003271.1	XP_001348497.1	50.336	93	149	2.96e-46	146	XP_001348497.1 calmodulin [Plasmodium falciparum 3D7]
NP_003271.1	XP_001348497.1	50.000	93	50	3.72e-08	48.5	XP_001348497.1 calmodulin [Plasmodium falciparum 3D7]
NP_003271.1	XP_001351001.1	39.610	95	154	6.88e-29	102	XP_001351001.1 centrin-1 [Plasmodium falciparum 3D7]
NP_003271.1	XP_024329101.1	33.108	92	148	2.05e-18	76.3	XP_024329101.1 centrin-3 [Plasmodium falciparum 3D7]
NP_003271.1	XP_001347555.2	33.108	92	148	2.10e-18	76.3	XP_001347555.2 centrin-3 [Plasmodium falciparum 3D7]
NP_003271.1	XP_001350105.1	34.641	94	153	7.41e-16	72.0	XP_001350105.1 calcium-dependent protein kinase 5 [Plasmodium falciparum 3D7]
NP_003812.1	XP_001349623.1	28.058	49	278	1.57e-17	84.7	XP_001349623.1 tyrosine kinase-like protein, putative [Plasmodium falciparum 3D7]
NP_003812.1	XP_002808713.1	28.638	39	213	7.71e-16	76.6	XP_002808713.1 NIMA related kinase 2 [Plasmodium falciparum 3D7]
NP_003812.1	XP_966220.1	26.939	45	245	1.06e-14	75.9	XP_966220.1 tyrosine kinase-like protein, putative [Plasmodium falciparum 3D7]
NP_003812.1	XP_001350206.1	26.549	40	226	3.65e-12	67.8	XP_001350206.1 tyrosine kinase-like protein [Plasmodium falciparum 3D7]
NP_003812.1	XP_001350854.1	25.822	39	213	1.14e-11	65.9	XP_001350854.1 RAC-beta serine/threonine protein kinase [Plasmodium falciparum 3D7]
NP_003896.1	XP_001350655.1	28.481	28	158	4.73e-10	60.8	XP_001350655.1 ubiquitin-activating enzyme E1 [Plasmodium falciparum 3D7]
NP_003896.1	XP_001350063.1	22.892	31	166	5.27e-07	51.2	XP_001350063.1 ubiquitin-activating enzyme [Plasmodium falciparum 3D7]
NP_003896.1	XP_002809076.1	22.989	30	174	1.17e-06	49.7	XP_002809076.1 ubiquitin-activating enzyme E1, putative [Plasmodium falciparum 3D7]
NP_003896.1	XP_001348124.1	27.500	29	160	5.84e-06	47.0	XP_001348124.1 SUMO-activating enzyme subunit 1 [Plasmodium falciparum 3D7]
NP_003960.1	XP_001350839.1	38.686	75	137	3.23e-25	94.0	XP_001350839.1 NEDD8-conjugating enzyme UBC12, putative [Plasmodium falciparum 3D7]
NP_003960.1	XP_001351263.1	32.432	80	148	5.08e-25	93.6	XP_001351263.1 ubiquitin-conjugating enzyme E2, putative [Plasmodium falciparum 3D7]
NP_003960.1	XP_001349399.1	31.081	80	148	2.86e-24	91.7	XP_001349399.1 ubiquitin-conjugating enzyme E2, putative [Plasmodium falciparum 3D7]
NP_003960.1	XP_001350447.1	34.783	73	138	3.01e-24	91.3	XP_001350447.1 ubiquitin-conjugating enzyme E2 [Plasmodium falciparum 3D7]
NP_003960.1	XP_001350274.1	29.577	76	142	5.64e-23	89.4	XP_001350274.1 ubiquitin-conjugating enzyme E2, putative [Plasmodium falciparum 3D7]
NP_004095.4	XP_966246.2	23.284	15	408	1.65e-12	70.9	XP_966246.2 3-oxoacyl-acyl-carrier protein synthase I/II [Plasmodium falciparum 3D7]
NP_004102.1	XP_001351399.1	44.836	99	397	1.05e-116	352	XP_001351399.1 flap endonuclease 1 [Plasmodium falciparum 3D7]
NP_004102.1	XP_001349570.1	25.094	94	267	4.42e-21	94.0	XP_001349570.1 DNA repair protein RAD2, putative [Plasmodium falciparum 3D7]
NP_004102.1	XP_001349570.1	25.000	94	152	1.85e-07	51.6	XP_001349570.1 DNA repair protein RAD2, putative [Plasmodium falciparum 3D7]
NP_004102.1	XP_001347365.1	33.813	37	139	4.29e-19	86.3	XP_001347365.1 endonuclease, putative [Plasmodium falciparum 3D7]
NP_004102.1	XP_001349153.1	25.581	54	215	3.85e-11	63.2	XP_001349153.1 exonuclease I, putative [Plasmodium falciparum 3D7]
NP_004196.4	XP_001351920.1	31.061	42	264	8.10e-29	121	XP_001351920.1 ubiquitin specific protease, putative [Plasmodium falciparum 3D7]
NP_004196.4	XP_001351724.1	35.829	54	187	1.10e-25	111	XP_001351724.1 ubiquitin carboxyl-terminal hydrolase 2, putative [Plasmodium falciparum 3D7]
NP_004196.4	XP_001351724.1	35.032	54	157	9.80e-23	101	XP_001351724.1 ubiquitin carboxyl-terminal hydrolase 2, putative [Plasmodium falciparum 3D7]
NP_004196.4	XP_001351346.1	24.332	54	374	1.86e-17	83.2	XP_001351346.1 ubiquitin specific protease, putative [Plasmodium falciparum 3D7]
NP_004196.4	XP_001350976.3	21.814	62	408	1.06e-11	66.6	XP_001350976.3 ubiquitin carboxyl-terminal hydrolase 1, putative [Plasmodium falciparum 3D7]
NP_004196.4	XP_001349907.1	27.928	18	111	7.38e-09	57.0	XP_001349907.1 U4/U6.U5 tri-snRNP-associated protein 2, putative [Plasmodium falciparum 3D7]
NP_004520.2	XP_024328953.1	35.000	20	120	2.72e-12	65.1	XP_024328953.1 YEATS domain-containing protein, putative [Plasmodium falciparum 3D7]
NP_004960.2	XP_001347897.1	26.337	22	243	1.14e-10	64.3	XP_001347897.1 peptidase M16, putative [Plasmodium falciparum 3D7]
NP_004960.2	XP_001352201.1	21.939	19	196	1.43e-06	50.4	XP_001352201.1 mitochondrial-processing peptidase subunit beta, putative [Plasmodium falciparum 3D7]
NP_005021.2	XP_001350854.1	30.802	39	237	1.23e-36	144	XP_001350854.1 RAC-beta serine/threonine protein kinase [Plasmodium falciparum 3D7]
NP_005021.2	XP_024328937.1	33.588	42	262	4.52e-35	137	XP_024328937.1 calcium-dependent protein kinase 2 [Plasmodium falciparum 3D7]
NP_005021.2	XP_001349078.1	32.685	41	257	7.41e-35	137	XP_001349078.1 calcium-dependent protein kinase 4 [Plasmodium falciparum 3D7]
NP_005021.2	XP_001349887.1	31.538	42	260	8.65e-34	130	XP_001349887.1 serine/threonine protein kinase PK9 [Plasmodium falciparum 3D7]
NP_005021.2	XP_002808713.1	30.855	43	269	1.95e-33	127	XP_002808713.1 NIMA related kinase 2 [Plasmodium falciparum 3D7]
NP_005148.2	XP_024328937.1	30.418	22	263	6.52e-23	102	XP_024328937.1 calcium-dependent protein kinase 2 [Plasmodium falciparum 3D7]
NP_005148.2	XP_001349680.1	31.579	18	228	4.35e-20	93.6	XP_001349680.1 calcium-dependent protein kinase 1 [Plasmodium falciparum 3D7]
NP_005148.2	XP_966220.1	23.984	21	246	3.54e-18	89.4	XP_966220.1 tyrosine kinase-like protein, putative [Plasmodium falciparum 3D7]
NP_005148.2	XP_001352213.1	28.302	18	212	3.60e-18	85.9	XP_001352213.1 cAMP-dependent protein kinase catalytic subunit [Plasmodium falciparum 3D7]
NP_005148.2	XP_001348690.1	30.233	18	215	3.64e-18	88.6	XP_001348690.1 SNF1-related serine/threonine protein kinase KIN [Plasmodium falciparum 3D7]
NP_005680.1	XP_001348629.1	34.345	72	626	1.14e-114	372	XP_001348629.1 multidrug resistance protein 2 [Plasmodium falciparum 3D7]
NP_005680.1	XP_001350233.1	39.013	59	223	2.86e-51	193	XP_001350233.1 ABC transporter B family member 6, putative [Plasmodium falciparum 3D7]
NP_005680.1	XP_001350233.1	30.909	59	275	4.65e-28	120	XP_001350233.1 ABC transporter B family member 6, putative [Plasmodium falciparum 3D7]
NP_005680.1	XP_001351787.1	32.812	30	320	3.78e-41	162	XP_001351787.1 multidrug resistance protein 1 [Plasmodium falciparum 3D7]
NP_005680.1	XP_001351787.1	31.090	30	312	1.07e-39	157	XP_001351787.1 multidrug resistance protein 1 [Plasmodium falciparum 3D7]
NP_005680.1	XP_001348133.2	29.464	26	224	3.09e-30	126	XP_001348133.2 ABC transporter B family member 3, putative [Plasmodium falciparum 3D7]
NP_005680.1	XP_001351101.1	34.615	28	130	9.31e-21	96.7	XP_001351101.1 ABC transporter B family member 4, putative [Plasmodium falciparum 3D7]
NP_005680.1	XP_001351101.1	27.434	28	113	3.11e-06	49.3	XP_001351101.1 ABC transporter B family member 4, putative [Plasmodium falciparum 3D7]
NP_005924.2	XP_966279.2	50.000	10	150	1.04e-37	156	XP_966279.2 SET domain protein, putative [Plasmodium falciparum 3D7]
NP_005924.2	XP_966279.2	24.444	10	270	8.76e-14	77.0	XP_966279.2 SET domain protein, putative [Plasmodium falciparum 3D7]
NP_005924.2	XP_001349960.1	35.338	3	133	6.35e-16	84.0	XP_001349960.1 histone-lysine N-methyltransferase SET2 [Plasmodium falciparum 3D7]
NP_005924.2	XP_001349248.1	33.083	3	133	3.17e-09	62.0	XP_001349248.1 SET domain protein, putative [Plasmodium falciparum 3D7]
NP_006316.1	XP_001347854.1	70.588	94	204	7.54e-109	310	XP_001347854.1 GTP-binding nuclear protein RAN/TC4 [Plasmodium falciparum 3D7]
NP_006316.1	XP_001350706.1	35.404	73	161	5.93e-28	103	XP_001350706.1 ras-related protein Rab-2 [Plasmodium falciparum 3D7]
NP_006316.1	XP_001351683.1	34.783	73	161	8.76e-28	102	XP_001351683.1 ras-related protein Rab-1B [Plasmodium falciparum 3D7]
NP_006316.1	XP_001348128.2	31.953	77	169	1.08e-27	102	XP_001348128.2 ras-related protein Rab-6 [Plasmodium falciparum 3D7]
NP_006316.1	XP_002808912.1	31.792	76	173	7.71e-27	100	XP_002808912.1 ras-related protein RAB7 [Plasmodium falciparum 3D7]
NP_006333.1	XP_001350083.1	25.658	18	152	8.28e-08	54.7	XP_001350083.1 reticulocyte binding protein 2 homologue a [Plasmodium falciparum 3D7]
NP_006828.2	XP_001350391.1	38.806	58	201	6.26e-37	133	XP_001350391.1 26S proteasome regulatory subunit RPN11, putative [Plasmodium falciparum 3D7]
NP_015090.1	XP_001351750.1	53.846	87	143	3.60e-52	162	XP_001351750.1 V-type proton ATPase 16 kDa proteolipid subunit [Plasmodium falciparum 3D7]
NP_015090.1	XP_001350256.1	30.435	87	161	8.61e-13	61.6	XP_001350256.1 V-type proton ATPase 21 kDa proteolipid subunit, putative [Plasmodium falciparum 3D7]
NP_035230.1	XP_001352213.1	50.489	87	307	8.14e-113	330	XP_001352213.1 cAMP-dependent protein kinase catalytic subunit [Plasmodium falciparum 3D7]
NP_035230.1	XP_001350854.1	45.361	82	291	8.64e-81	259	XP_001350854.1 RAC-beta serine/threonine protein kinase [Plasmodium falciparum 3D7]
NP_035230.1	XP_001348520.1	40.214	79	281	6.64e-73	240	XP_001348520.1 cGMP-dependent protein kinase [Plasmodium falciparum 3D7]
NP_035230.1	XP_001348690.1	31.128	72	257	1.30e-42	155	XP_001348690.1 SNF1-related serine/threonine protein kinase KIN [Plasmodium falciparum 3D7]
NP_035230.1	XP_024328937.1	34.025	66	241	2.44e-39	144	XP_024328937.1 calcium-dependent protein kinase 2 [Plasmodium falciparum 3D7]
NP_036923.1	XP_001347827.2	36.681	30	229	7.24e-37	146	XP_001347827.2 serine/threonine protein kinase, putative [Plasmodium falciparum 3D7]
NP_036923.1	XP_001351197.1	30.659	45	349	3.05e-34	134	XP_001351197.1 glycogen synthase kinase 3 [Plasmodium falciparum 3D7]
NP_036923.1	XP_001348605.1	26.801	42	347	1.26e-32	134	XP_001348605.1 protein serine/threonine kinase-1 [Plasmodium falciparum 3D7]
NP_036923.1	XP_001350280.1	30.030	43	333	1.74e-26	108	XP_001350280.1 protein kinase 5 [Plasmodium falciparum 3D7]
NP_036923.1	XP_001348468.1	27.401	44	354	1.55e-25	111	XP_001348468.1 mitogen-activated protein kinase 1 [Plasmodium falciparum 3D7]
NP_037457.3	XP_001348344.1	28.662	38	157	3.96e-08	53.9	XP_001348344.1 cysteine protease ATG4, putative [Plasmodium falciparum 3D7]
NP_055369.1	XP_001350733.2	37.209	31	215	1.49e-33	135	XP_001350733.2 SUMO-specific protease 1 [Plasmodium falciparum 3D7]
NP_057090.2	XP_001351090.1	25.926	74	270	7.98e-14	70.5	XP_001351090.1 epoxide hydrolase 1 [Plasmodium falciparum 3D7]
NP_067021.1	XP_001351716.1	30.857	65	175	7.81e-27	104	XP_001351716.1 NLI interacting factor-like phosphatase, putative [Plasmodium falciparum 3D7]
NP_067021.1	XP_001349166.1	34.746	43	118	1.64e-14	71.2	XP_001349166.1 mitochondrial import inner membrane translocase subunit TIM50, putative [Plasmodium falciparum 3D7]
NP_079406.4	XP_966222.1	31.343	96	469	7.89e-49	179	XP_966222.1 hexokinase [Plasmodium falciparum 3D7]
NP_079406.4	XP_966222.1	28.903	96	474	5.34e-44	165	XP_966222.1 hexokinase [Plasmodium falciparum 3D7]
NP_414973.1	XP_001348320.1	27.123	70	424	1.36e-49	187	XP_001348320.1 ATP-dependent protease, putative [Plasmodium falciparum 3D7]
NP_414973.1	XP_001348320.1	35.762	70	151	4.97e-24	107	XP_001348320.1 ATP-dependent protease, putative [Plasmodium falciparum 3D7]
NP_659558.1	XP_001350832.1	37.681	33	138	8.88e-26	105	XP_001350832.1 ADP-ribosylation factor GTPase-activating protein [Plasmodium falciparum 3D7]
NP_659558.1	XP_001349468.1	43.363	27	113	1.47e-23	100	XP_001349468.1 GTPase-activating protein, putative [Plasmodium falciparum 3D7]
NP_659558.1	XP_024328998.1	60.417	12	48	7.64e-15	74.3	XP_024328998.1 ADP-ribosylation factor GTPase-activating protein, putative [Plasmodium falciparum 3D7]
NP_659558.1	XP_002808714.1	60.417	12	48	7.65e-15	74.3	XP_002808714.1 ADP-ribosylation factor GTPase-activating protein, putative [Plasmodium falciparum 3D7]
NP_987096.1	XP_001350158.1	27.941	46	272	9.06e-23	101	XP_001350158.1 kelch protein K13 [Plasmodium falciparum 3D7]
NP_987096.1	XP_001350158.1	31.765	46	170	1.37e-19	91.3	XP_001350158.1 kelch protein K13 [Plasmodium falciparum 3D7]
NP_987096.1	XP_001350158.1	38.519	46	135	2.65e-17	84.3	XP_001350158.1 kelch protein K13 [Plasmodium falciparum 3D7]
NP_987096.1	XP_001350158.1	27.228	46	202	5.85e-13	70.1	XP_001350158.1 kelch protein K13 [Plasmodium falciparum 3D7]
NP_987096.1	XP_001350158.1	23.780	46	164	5.77e-06	47.8	XP_001350158.1 kelch protein K13 [Plasmodium falciparum 3D7]
NP_987096.1	XP_024328891.1	30.457	44	197	7.73e-19	87.8	XP_024328891.1 kelch domain-containing protein, putative [Plasmodium falciparum 3D7]
NP_987096.1	XP_024328891.1	23.790	44	248	5.04e-14	72.8	XP_024328891.1 kelch domain-containing protein, putative [Plasmodium falciparum 3D7]
NP_987096.1	XP_024328891.1	22.156	44	167	2.00e-07	52.0	XP_024328891.1 kelch domain-containing protein, putative [Plasmodium falciparum 3D7]
NP_997461.1	XP_001352213.1	55.000	85	220	4.84e-86	258	XP_001352213.1 cAMP-dependent protein kinase catalytic subunit [Plasmodium falciparum 3D7]
NP_997461.1	XP_001350854.1	50.704	82	213	3.44e-73	235	XP_001350854.1 RAC-beta serine/threonine protein kinase [Plasmodium falciparum 3D7]
NP_997461.1	XP_001348520.1	43.318	84	217	3.71e-63	210	XP_001348520.1 cGMP-dependent protein kinase [Plasmodium falciparum 3D7]
NP_997461.1	XP_024328937.1	34.597	80	211	1.02e-37	137	XP_024328937.1 calcium-dependent protein kinase 2 [Plasmodium falciparum 3D7]
NP_997461.1	XP_001348690.1	30.332	81	211	4.24e-35	131	XP_001348690.1 SNF1-related serine/threonine protein kinase KIN [Plasmodium falciparum 3D7]
sp|O95398.6|RPGF3_HUMAN	XP_001350628.1	28.777	15	139	4.27e-09	58.2	XP_001350628.1 cAMP-dependent protein kinase regulatory subunit [Plasmodium falciparum 3D7]
sp|O95398.6|RPGF3_HUMAN	XP_001350628.1	31.579	15	95	6.76e-08	54.3	XP_001350628.1 cAMP-dependent protein kinase regulatory subunit [Plasmodium falciparum 3D7]
sp|O95398.6|RPGF3_HUMAN	XP_001348520.1	38.462	15	78	3.33e-07	52.8	XP_001348520.1 cGMP-dependent protein kinase [Plasmodium falciparum 3D7]
sp|O95398.6|RPGF3_HUMAN	XP_001348520.1	29.752	15	121	4.98e-07	52.0	XP_001348520.1 cGMP-dependent protein kinase [Plasmodium falciparum 3D7]
sp|P00374.2|DYR_HUMAN	XP_001351479.1	29.703	92	202	5.63e-20	85.1	XP_001351479.1 bifunctional dihydrofolate reductase-thymidylate synthase [Plasmodium falciparum 3D7]
sp|P07382.1|DRTS_LEIMA	XP_001351479.1	53.125	92	288	4.12e-111	341	XP_001351479.1 bifunctional dihydrofolate reductase-thymidylate synthase [Plasmodium falciparum 3D7]
sp|P07382.1|DRTS_LEIMA	XP_001351479.1	28.169	92	213	3.01e-15	77.0	XP_001351479.1 bifunctional dihydrofolate reductase-thymidylate synthase [Plasmodium falciparum 3D7]
sp|P31749.2|AKT1_HUMAN	XP_001350854.1	47.040	67	321	1.38e-99	313	XP_001350854.1 RAC-beta serine/threonine protein kinase [Plasmodium falciparum 3D7]
sp|P31749.2|AKT1_HUMAN	XP_001352213.1	38.585	64	311	1.61e-67	218	XP_001352213.1 cAMP-dependent protein kinase catalytic subunit [Plasmodium falciparum 3D7]
sp|P31749.2|AKT1_HUMAN	XP_001348520.1	36.842	59	285	2.67e-54	193	XP_001348520.1 cGMP-dependent protein kinase [Plasmodium falciparum 3D7]
sp|P31749.2|AKT1_HUMAN	XP_001348690.1	32.083	50	240	2.89e-32	129	XP_001348690.1 SNF1-related serine/threonine protein kinase KIN [Plasmodium falciparum 3D7]
sp|P31749.2|AKT1_HUMAN	XP_002808785.1	27.303	61	304	3.60e-32	123	XP_002808785.1 NIMA related kinase 4 [Plasmodium falciparum 3D7]
sp|P48426.2|PI42A_HUMAN	XP_001351035.1	30.539	77	334	2.23e-30	122	XP_001351035.1 phosphatidylinositol-4-phosphate 5-kinase [Plasmodium falciparum 3D7]
sp|P9WFX0.1|MBTI_MYCTO	XP_001352095.1	23.148	46	216	1.66e-14	74.3	XP_001352095.1 para-aminobenzoic acid synthetase [Plasmodium falciparum 3D7]
sp|Q01782.2|PTR1_LEIMA	XP_001352100.1	25.267	97	281	1.35e-13	68.2	XP_001352100.1 3-oxoacyl-[acyl-carrier-protein] reductase [Plasmodium falciparum 3D7]
sp|Q05DJ8|Q05DJ8_HUMAN	XP_024329065.1	25.545	67	321	8.56e-15	74.3	XP_024329065.1 trypsin-like serine protease, putative [Plasmodium falciparum 3D7]
sp|Q05DJ8|Q05DJ8_HUMAN	XP_001349446.1	33.019	44	212	6.15e-13	69.3	XP_001349446.1 serine protease DegP [Plasmodium falciparum 3D7]
sp|Q13148.1|TADBP_HUMAN	XP_024328888.1	28.931	37	159	1.13e-13	70.1	XP_024328888.1 RNA-binding protein, putative [Plasmodium falciparum 3D7]
sp|Q13148.1|TADBP_HUMAN	XP_001349956.1	28.289	31	152	6.22e-10	59.7	XP_001349956.1 splicing factor 1 [Plasmodium falciparum 3D7]
sp|Q13148.1|TADBP_HUMAN	XP_001349956.1	39.286	31	56	3.34e-07	50.8	XP_001349956.1 splicing factor 1 [Plasmodium falciparum 3D7]
sp|Q13148.1|TADBP_HUMAN	XP_001347758.2	31.250	37	80	2.13e-09	57.8	XP_001347758.2 nucleic acid binding protein, putative [Plasmodium falciparum 3D7]
sp|Q13148.1|TADBP_HUMAN	XP_001347758.2	29.412	37	85	1.39e-06	48.9	XP_001347758.2 nucleic acid binding protein, putative [Plasmodium falciparum 3D7]
sp|Q13148.1|TADBP_HUMAN	XP_001347758.2	33.333	37	69	2.69e-06	47.8	XP_001347758.2 nucleic acid binding protein, putative [Plasmodium falciparum 3D7]
sp|Q13148.1|TADBP_HUMAN	XP_001352039.1	26.946	38	167	4.19e-09	56.2	XP_001352039.1 RNA-binding protein musashi, putative [Plasmodium falciparum 3D7]
sp|Q13148.1|TADBP_HUMAN	XP_024328979.1	28.947	34	152	2.49e-08	53.9	XP_024328979.1 RNA-binding protein, putative [Plasmodium falciparum 3D7]
sp|Q15084.1|PDIA6_HUMAN	XP_001348023.1	29.793	86	386	2.58e-51	177	XP_001348023.1 protein disulfide isomerase [Plasmodium falciparum 3D7]
sp|Q15084.1|PDIA6_HUMAN	XP_002808883.1	42.991	54	107	1.17e-20	92.4	XP_002808883.1 protein disulfide isomerase [Plasmodium falciparum 3D7]
sp|Q15084.1|PDIA6_HUMAN	XP_002808883.1	44.944	54	89	3.38e-19	88.2	XP_002808883.1 protein disulfide isomerase [Plasmodium falciparum 3D7]
sp|Q15084.1|PDIA6_HUMAN	XP_002808883.1	28.415	54	183	8.27e-11	62.0	XP_002808883.1 protein disulfide isomerase [Plasmodium falciparum 3D7]
sp|Q15084.1|PDIA6_HUMAN	XP_002808883.1	33.708	54	89	2.20e-09	57.8	XP_002808883.1 protein disulfide isomerase [Plasmodium falciparum 3D7]
sp|Q15084.1|PDIA6_HUMAN	XP_001350237.1	39.130	46	92	5.86e-18	80.5	XP_001350237.1 thioredoxin-related protein, putative [Plasmodium falciparum 3D7]
sp|Q15084.1|PDIA6_HUMAN	XP_001350237.1	32.203	46	118	2.57e-15	72.8	XP_001350237.1 thioredoxin-related protein, putative [Plasmodium falciparum 3D7]
sp|Q15084.1|PDIA6_HUMAN	XP_001348868.1	25.828	54	151	1.35e-12	67.8	XP_001348868.1 protein disulfide-isomerase [Plasmodium falciparum 3D7]
sp|Q15084.1|PDIA6_HUMAN	XP_001348868.1	26.415	54	106	1.02e-08	55.5	XP_001348868.1 protein disulfide-isomerase [Plasmodium falciparum 3D7]
sp|Q15084.1|PDIA6_HUMAN	XP_001348719.1	26.531	40	98	1.30e-08	50.8	XP_001348719.1 thioredoxin 1 [Plasmodium falciparum 3D7]
sp|Q15084.1|PDIA6_HUMAN	XP_001348719.1	27.160	40	81	8.19e-06	43.1	XP_001348719.1 thioredoxin 1 [Plasmodium falciparum 3D7]
sp|Q581W1|Q581W1_9TRYP	XP_001352100.1	26.966	71	267	3.13e-15	73.9	XP_001352100.1 3-oxoacyl-[acyl-carrier-protein] reductase [Plasmodium falciparum 3D7]
sp|Q582G3|Q582G3_9TRYP	XP_001351479.1	51.056	84	284	2.07e-105	327	XP_001351479.1 bifunctional dihydrofolate reductase-thymidylate synthase [Plasmodium falciparum 3D7]
sp|Q582G3|Q582G3_9TRYP	XP_001351479.1	32.044	84	181	1.36e-15	77.8	XP_001351479.1 bifunctional dihydrofolate reductase-thymidylate synthase [Plasmodium falciparum 3D7]
sp|Q8WZA2.1|RPGF4_HUMAN	XP_001350628.1	31.034	12	116	2.16e-09	59.3	XP_001350628.1 cAMP-dependent protein kinase regulatory subunit [Plasmodium falciparum 3D7]
sp|Q8WZA2.1|RPGF4_HUMAN	XP_001350628.1	29.703	12	101	6.65e-06	48.1	XP_001350628.1 cAMP-dependent protein kinase regulatory subunit [Plasmodium falciparum 3D7]
sp|Q8WZA2.1|RPGF4_HUMAN	XP_001348520.1	27.049	20	122	6.79e-07	51.6	XP_001348520.1 cGMP-dependent protein kinase [Plasmodium falciparum 3D7]
sp|Q8WZA2.1|RPGF4_HUMAN	XP_001348520.1	37.179	20	78	4.22e-06	49.3	XP_001348520.1 cGMP-dependent protein kinase [Plasmodium falciparum 3D7]
sp|Q99700.2|ATX2_HUMAN	XP_001348512.2	24.561	16	228	7.50e-10	62.0	XP_001348512.2 ataxin-2 like protein, putative [Plasmodium falciparum 3D7]
sp|Q99700.2|ATX2_HUMAN	XP_024329206.1	24.561	16	228	1.08e-09	61.2	XP_024329206.1 ataxin-2 like protein, putative [Plasmodium falciparum 3D7]
sp|Q9BTU6.1|P4K2A_HUMAN	XP_001351186.1	23.630	56	292	3.26e-06	48.1	XP_001351186.1 phosphatidylinositol 3- and 4-kinase, putative [Plasmodium falciparum 3D7]
sp|Q9NXA8.2|SIR5_HUMAN	XP_001350011.1	30.620	82	258	7.35e-38	134	XP_001350011.1 transcriptional regulatory protein sir2a [Plasmodium falciparum 3D7]
sp|Q9Y3Z3.2|SAMH1_HUMAN	XP_001350784.2	29.365	76	504	1.44e-50	186	XP_001350784.2 HD superfamily phosphohydrolase protein, putative [Plasmodium falciparum 3D7]
XP_001218773.1	XP_001352096.1	43.548	95	434	1.98e-110	330	XP_001352096.1 phosphoglycerate kinase [Plasmodium falciparum 3D7]
XP_001348533.1	XP_001348533.1	100.000	100	424	0.0	872	XP_001348533.1 HSP40, subfamily A [Plasmodium falciparum 3D7]
XP_001348533.1	XP_966274.1	34.571	78	350	7.53e-53	179	XP_966274.1 DnaJ protein, putative [Plasmodium falciparum 3D7]
XP_001348533.1	XP_001349532.2	28.571	82	364	2.89e-30	119	XP_001349532.2 knob associated heat shock protein 40 [Plasmodium falciparum 3D7]
XP_001348533.1	XP_024328997.1	30.000	81	380	9.87e-29	114	XP_024328997.1 heat shock protein 40, type II [Plasmodium falciparum 3D7]
XP_001348533.1	XP_001351408.1	27.507	75	349	4.28e-28	115	XP_001351408.1 chaperone protein DnaJ [Plasmodium falciparum 3D7]
XP_001348591.1	XP_001348591.1	100.000	100	927	0.0	1872	XP_001348591.1 heat shock protein 90, putative [Plasmodium falciparum 3D7]
XP_001348591.1	XP_001350620.1	35.175	75	742	6.74e-126	399	XP_001350620.1 endoplasmin, putative [Plasmodium falciparum 3D7]
XP_001348591.1	XP_001348998.1	35.952	72	420	9.65e-81	275	XP_001348998.1 heat shock protein 90 [Plasmodium falciparum 3D7]
XP_001348591.1	XP_001348998.1	43.426	72	251	9.57e-50	187	XP_001348998.1 heat shock protein 90 [Plasmodium falciparum 3D7]
XP_001348591.1	XP_001347859.1	31.517	70	422	1.12e-44	172	XP_001347859.1 heat shock protein 90, putative [Plasmodium falciparum 3D7]
XP_001348591.1	XP_001347859.1	35.395	70	291	9.18e-42	163	XP_001347859.1 heat shock protein 90, putative [Plasmodium falciparum 3D7]
XP_001349989.1	XP_001349989.1	100.000	100	316	0.0	643	XP_001349989.1 L-lactate dehydrogenase [Plasmodium falciparum 3D7]
XP_001349989.1	XP_001349992.1	42.997	95	307	2.42e-88	266	XP_001349992.1 lactate dehydrogenase, putative [Plasmodium falciparum 3D7]
XP_001349989.1	XP_966170.1	40.065	97	307	6.56e-71	221	XP_966170.1 malate dehydrogenase [Plasmodium falciparum 3D7]
XP_822407.1	XP_001347624.1	35.758	64	495	3.08e-98	323	XP_001347624.1 methionine--tRNA ligase [Plasmodium falciparum 3D7]
XP_822407.1	XP_001347338.1	26.207	66	290	1.59e-35	142	XP_001347338.1 methionine--tRNA ligase, putative [Plasmodium falciparum 3D7]
XP_822407.1	XP_001347338.1	28.936	66	235	2.90e-23	103	XP_001347338.1 methionine--tRNA ligase, putative [Plasmodium falciparum 3D7]
YP_001085402.1	XP_966261.1	23.795	59	332	2.33e-10	61.6	XP_966261.1 acetyl-CoA synthetase, putative [Plasmodium falciparum 3D7]
YP_001085402.1	XP_001349208.1	27.160	31	162	9.44e-10	59.7	XP_001349208.1 acyl-CoA synthetase [Plasmodium falciparum 3D7]
YP_001085402.1	XP_966180.1	21.824	44	307	4.61e-09	57.4	XP_966180.1 acyl-CoA synthetase [Plasmodium falciparum 3D7]
YP_001085402.1	XP_001351087.1	23.315	58	356	7.74e-09	56.6	XP_001351087.1 acyl-CoA synthetase [Plasmodium falciparum 3D7]
YP_001085402.1	XP_001350916.1	25.904	31	166	9.36e-08	53.1	XP_001350916.1 acyl-CoA synthetase [Plasmodium falciparum 3D7]
gi|578162	XP_001348772.1	60.843	99	332	2.14e-147	417	XP_001348772.1 glyceraldehyde-3-phosphate dehydrogenase [Plasmodium falciparum 3D7]
