Proteína,Organismo,PubChemID,Status,Fonte
"Chain A, MAJOR APURINIC/APYRIMIDINIC ENDONUCLEASE",Homo sapiens,1DE9_A,encontrada,NCBI
"Chain A, TYROSYL-DNA PHOSPHODIESTERASE",Homo sapiens,1JY1_A,encontrada,NCBI
"Chain E, Fibrin beta chain",Homo sapiens,1N8E_E,encontrada,NCBI
"Chain A, Breast cancer type 1 susceptibility protein",Homo sapiens,1OQA_A,encontrada,NCBI
"Chain A, Genome polyprotein",Human poliovirus,1RA7_A,encontrada,NCBI
"Chain A, Putative fructose-1,6-bisphosphate aldolase",Giardia intestinalis,2ISV_A,encontrada,NCBI
"Chain A, HADH2 protein",Homo sapiens,2O23_A,encontrada,NCBI
"Chain B, HADH2 protein",Homo sapiens,2O23_B,encontrada,NCBI
"Chain A, Neuropilin-1",Homo sapiens,2QQI_A,encontrada,NCBI
"Chain A, JmjC domain-containing histone demethylation protein 3A",Homo sapiens,2QQS_A,encontrada,NCBI
"Chain A, 2-oxoglutarate Oxygenase",Homo sapiens,2W2I_A,encontrada,NCBI
"Chain A, ATP-DEPENDENT DNA HELICASE Q1",Homo sapiens,2WWY_A,encontrada,NCBI
"Chain A, RNA-directed RNA polymerase NS5",Dengue virus,3EVG_A,encontrada,NCBI
"Chain A, Cruzipain",Trypanosoma cruzi,3I06_A,encontrada,NCBI
"T cell receptor, partial",Homo sapiens,AAA51534,encontrada,NCBI
acid sphingomyelinase,Homo sapiens,AAA58377,encontrada,NCBI
glutathione-S-transferase,Schistosoma japonicum,AAB03573,encontrada,NCBI
Nrf2,Homo sapiens,AAB32188,encontrada,NCBI
PAX8,Homo sapiens,AAB34216,encontrada,NCBI
"glp-1 receptor, partial",Homo sapiens,AAB64013,encontrada,NCBI
"TCRAV4S1, partial",Homo sapiens,AAB69001,encontrada,NCBI
aryl hydrocarbon receptor nuclear translocator,Homo sapiens,AAC03365,encontrada,NCBI
CtBP interacting protein CtIP,Homo sapiens,AAC14371,encontrada,NCBI
thioredoxin reductase,Rattus norvegicus,AAC35244,encontrada,NCBI
BRCA1,Homo sapiens,AAC37594,encontrada,NCBI
RGS12,Homo sapiens,AAC39835,encontrada,NCBI
ClpP,Bacillus subtilis,AAC46381,encontrada,NCBI
SUMO-1,Homo sapiens,AAC50996,encontrada,NCBI
ADAM10,Homo sapiens,AAC51766,encontrada,NCBI
"15-lipoxygenase, partial",Homo sapiens,AAC52118,encontrada,NCBI
ORF 73,Human herpesvirus,AAC57158,encontrada,NCBI
WRN,Homo sapiens,AAC63361,encontrada,NCBI
"integrase, partial",Human immunodeficiency,AAC83551,encontrada,NCBI
lens epithelium-derived growth factor p75,Homo sapiens,AAF25870,encontrada,NCBI
cyclic AMP receptor protein,Vibrio cholerae,AAF95755,encontrada,NCBI
hypothetical protein VC_A0002,Vibrio cholerae,AAF95916,encontrada,NCBI
phosphopantetheinyl transferase,Bacillus subtilis,AAG24257,encontrada,NCBI
Kcnk3 channel,Homo sapiens,AAG29340,encontrada,NCBI
"Arrestin, beta 1",Homo sapiens,AAH03636,encontrada,NCBI
"Caspase 6, apoptosis-related cysteine peptidase",Homo sapiens,AAH04460,encontrada,NCBI
PSMD14 protein,Homo sapiens,AAH09524,encontrada,NCBI
"Prolyl 4-hydroxylase, beta polypeptide",Homo sapiens,AAH10859,encontrada,NCBI
"USP1 protein, partial",Homo sapiens,AAH18745,encontrada,NCBI
"PRMT1 protein, partial",Homo sapiens,AAH19268,encontrada,NCBI
"Cyclin-dependent kinase 5, regulatory subunit 1 (p35)",Homo sapiens,AAH26347,encontrada,NCBI
ERAP1 protein,Homo sapiens,AAH30775,encontrada,NCBI
Methyl-CpG binding domain protein 2,Homo sapiens,AAH32638,encontrada,NCBI
GLS protein,Homo sapiens,AAH38507,encontrada,NCBI
Microphthalmia-associated transcription factor,Homo sapiens,AAH65243,encontrada,NCBI
MSRA protein,Bos taurus,AAI02981,encontrada,NCBI
TDP1 protein,Homo sapiens,AAI07878,encontrada,NCBI
Microtubule-associated protein tau,Homo sapiens,AAI14949,encontrada,NCBI
"Phospholipase C, gamma 1",Homo sapiens,AAI36467,encontrada,NCBI
"Phospholipase C, beta 3 (phosphatidylinositol-specific)",Homo sapiens,AAI42682,encontrada,NCBI
Smad3,Homo sapiens,AAL68976,encontrada,NCBI
"apical membrane antigen 1, AMA1",Plasmodium falciparum,AAN35928,encontrada,NCBI
"aldehyde dehydrogenase 1 family, member A1",Homo sapiens,AAP35567,encontrada,NCBI
PINK1,Homo sapiens,AAQ89316,encontrada,NCBI
corticotropin-releasing hormone receptor 2,Homo sapiens,AAR18078,encontrada,NCBI
"hypothetical protein, conserved",Trypanosoma brucei,AAX80043,encontrada,NCBI
regulator of G-protein signaling 4,Homo sapiens,ABC94591,encontrada,NCBI
cystic fibrosis transmembrane conductance regulator ATP-binding cassette sub-family C member 7,Homo sapiens,ABD72211,encontrada,NCBI
"isocitrate dehydrogenase 1, partial",Homo sapiens,ABD77215,encontrada,NCBI
lactate dehydrogenase,Plasmodium falciparum,ABH03417,encontrada,NCBI
Photinus pyralis luciferase,Shuttle vector,ABM67533,encontrada,NCBI
nonstructural protein 1 (Influenza A virus (A/California/07/2009(H1N1))),Influenza A,ACP44172,encontrada,NCBI
LANA,Human gammaherpesvirus,ADQ57959,encontrada,NCBI
"potassium voltage-gated channel subfamily H member 2 isoform a, partial",Homo sapiens,AEL63844,encontrada,NCBI
67.9K protein,Vaccinia virus,BAA01847,encontrada,NCBI
glucocerebrosidase,Homo sapiens,BAA02545,encontrada,NCBI
luciferase,Photuris pensylvanica,BAA05005,encontrada,NCBI
Parkin,Homo sapiens,BAA25751,encontrada,NCBI
Gli1,Mus musculus,BAA85004,encontrada,NCBI
TRIC,Homo sapiens,BAE54513,encontrada,NCBI
toll-like receptor 9,Homo sapiens,BAG55070,encontrada,NCBI
photoreceptor-specific nuclear receptor,Homo sapiens,BAH02301,encontrada,NCBI
alpha-galactosidase,Homo sapiens,CAA29232,encontrada,NCBI
corticotropin releasing factor-binding protein,Homo sapiens,CAA41086,encontrada,NCBI
cardiac alpha tropomyosin,Sus scrofa,CAA46986,encontrada,NCBI
six1,Homo sapiens,CAA62974,encontrada,NCBI
FATTY-ACID-CoA LIGASE FADD28 (FATTY-ACID-CoA SYNTHETASE) (FATTY-ACID-CoA SYNTHASE),Mycobacterium tuberculosis,CAB06100,encontrada,NCBI
glucose-6-phosphate dehydrogenase-6-phosphogluconolactonase,Plasmodium berghei,CAC24715,encontrada,NCBI
LMP1 [Human herpesvirus 4],human gammaherpesvirus,CAD53472,encontrada,NCBI
"S100A4, partial",Homo sapiens,CAG29341,encontrada,NCBI
LARGE,Homo sapiens,CAG30396,encontrada,NCBI
CDK5,Homo sapiens,CAG33322,encontrada,NCBI
IDH1,Homo sapiens,CAG38738,encontrada,NCBI
DNA topoisomerase I,Yersinia pestis,CAL20848,encontrada,NCBI
"heat shock 70kDa protein 5 (glucose-regulated protein, 78kDa)",Homo sapiens,CAQ08732,encontrada,NCBI
priA,Klebsiella pneumoniae,CDO16358,encontrada,NCBI
ssb,Klebsiella pneumoniae,CDO16711,encontrada,NCBI
"SWI/SNF related, matrix associated, actin dependent regulator of chromatin, subfamily a, member 2, isoform CRA_a",Homo sapiens,EAW58811,encontrada,NCBI
"phospholipase A2, group III",Homo sapiens,EAW59941,encontrada,NCBI
"caspase recruitment domain family, member 15",Homo sapiens,EAW82767,encontrada,NCBI
hypothetical protein G057_19877,Klebsiella pneumoniae,EMB09144,encontrada,NCBI
beta-2 adrenergic receptor,Homo sapiens,NP_000015,encontrada,NCBI
Bloom syndrome protein isoform 1,Homo sapiens,NP_000048,encontrada,NCBI
lysosomal alpha-glucosidase preproprotein,Homo sapiens,NP_000143,encontrada,NCBI
menin isoform 1,Homo sapiens,NP_000235,encontrada,NCBI
major prion protein preproprotein Prp precursor,Homo sapiens,NP_000302,encontrada,NCBI
"troponin I, cardiac muscle",Homo sapiens,NP_000354,encontrada,NCBI
"platelet-activating factor acetylhydrolase 2, cytoplasmic",Homo sapiens,NP_000428,encontrada,NCBI
nuclear receptor subfamily 0 group B member 1,Homo sapiens,NP_000466,encontrada,NCBI
cystic fibrosis transmembrane conductance regulator,Homo sapiens,NP_000483,encontrada,NCBI
hemoglobin subunit beta,Homo sapiens,NP_000509,encontrada,NCBI
cellular tumor antigen p53 isoform a,Homo sapiens,NP_000537,encontrada,NCBI
interleukin-1 beta proprotein,Homo sapiens,NP_000567,encontrada,NCBI
interferon gamma precursor,Homo sapiens,NP_000610,encontrada,NCBI
polyunsaturated fatty acid lipoxygenase ALOX12,Homo sapiens,NP_000688,encontrada,NCBI
muscarinic acetylcholine receptor M1,Homo sapiens,NP_000729,encontrada,NCBI
muscarinic acetylcholine receptor M4,Homo sapiens,NP_000732,encontrada,NCBI
D(2) dopamine receptor isoform long,Homo sapiens,NP_000786,encontrada,NCBI
15-hydroxyprostaglandin dehydrogenase [NAD(+)] isoform 1,Homo sapiens,NP_000851,encontrada,NCBI
delta-type opioid receptor,Homo sapiens,NP_000902,encontrada,NCBI
mu-type opioid receptor isoform MOR-1,Homo sapiens,NP_000905,encontrada,NCBI
ATP-dependent translocase ABCB1 isoform 2,Homo sapiens,NP_000918,encontrada,NCBI
prostaglandin E2 receptor EP2 subtype,Homo sapiens,NP_000947,encontrada,NCBI
"troponin T, cardiac muscle isoform 3",Homo sapiens,NP_001001431,encontrada,NCBI
perilipin-5,Homo sapiens,NP_001013728,encontrada,NCBI
Golgi-associated PDZ and coiled-coil motif-containing protein isoform b,Homo sapiens,NP_001017408,encontrada,NCBI
vitamin D3 receptor isoform VDRA,Homo sapiens,NP_001017535,encontrada,NCBI
Nuclear hormone receptor family member daf-12,Caenorhabditis elegans,NP_001024547,encontrada,NCBI
histone-lysine N-methyltransferase NSD2 isoform 1,Homo sapiens,NP_001035889,encontrada,NCBI
E3 ubiquitin-protein ligase UHRF1 isoform 1,Homo sapiens,NP_001041666,encontrada,NCBI
cAMP-dependent protein kinase type I-alpha regulatory subunit,Bos taurus,NP_001069826,encontrada,NCBI
chromobox protein homolog 1,Homo sapiens,NP_001120700,encontrada,NCBI
thyroid hormone receptor beta isoform a,Homo sapiens,NP_001121649,encontrada,NCBI
transcriptional coactivator YAP1 isoform 1,Homo sapiens,NP_001123617,encontrada,NCBI
nuclear factor erythroid 2-related factor 2 isoform 2,Homo sapiens,NP_001138884,encontrada,NCBI
platelet-activating factor acetylhydrolase IB subunit alpha1,Homo sapiens,NP_001139412,encontrada,NCBI
parathyroid hormone/parathyroid hormone-related peptide receptor precursor,Homo sapiens,NP_001171673,encontrada,NCBI
platelet-activating factor acetylhydrolase IB subunit alpha2 isoform b,Homo sapiens,NP_001171675,encontrada,NCBI
"arf-GAP with SH3 domain, ANK repeat and PH domain-containing protein 1 isoform 2",Homo sapiens,NP_001234925,encontrada,NCBI
microphthalmia-associated transcription factor isoform 9,Homo sapiens,NP_001341533,encontrada,NCBI
DNA (cytosine-5)-methyltransferase 1 isoform b,Homo sapiens,NP_001370,encontrada,NCBI
endothelial PAS domain-containing protein 1,Homo sapiens,NP_001421,encontrada,NCBI
glyceraldehyde-3-phosphate dehydrogenase isoform 1,Homo sapiens,NP_002037,encontrada,NCBI
guanine nucleotide-binding protein G(i) subunit alpha-1 isoform 1,Homo sapiens,NP_002060,encontrada,NCBI
huntingtin isoform 2,Homo sapiens,NP_002102,encontrada,NCBI
importin subunit beta-1 isoform 1,Homo sapiens,NP_002256,encontrada,NCBI
polyadenylate-binding protein 1,Homo sapiens,NP_002559,encontrada,NCBI
cAMP-dependent protein kinase type II-beta regulatory subunit,Homo sapiens,NP_002727,encontrada,NCBI
mitogen-activated protein kinase 1,Homo sapiens,NP_002736,encontrada,NCBI
disintegrin and metalloproteinase domain-containing protein 17 isoform 1 preproprotein,Homo sapiens,NP_003174,encontrada,NCBI
"troponin C, slow skeletal and cardiac muscles",Homo sapiens,NP_003271,encontrada,NCBI
galanin receptor type 3,Homo sapiens,NP_003605,encontrada,NCBI
nuclear receptor coactivator 1 isoform 1 [Homo sapiens],Homo sapiens,NP_003734,encontrada,NCBI
receptor-interacting serine/threonine-protein kinase 2 isoform 1,Homo sapiens,NP_003812,encontrada,NCBI
nuclear receptor subfamily 5 group A member 2 isoform 2,Homo sapiens,NP_003813,encontrada,NCBI
tumor necrosis factor receptor superfamily member 10B isoform 1 precursor,Homo sapiens,NP_003833,encontrada,NCBI
NEDD8-activating enzyme E1 regulatory subunit isoform a,Homo sapiens,NP_003896,encontrada,NCBI
NEDD8-conjugating enzyme Ubc12,Homo sapiens,NP_003960,encontrada,NCBI
fatty acid synthase,Homo sapiens,NP_004095,encontrada,NCBI
flap endonuclease 1,Homo sapiens,NP_004102,encontrada,NCBI
ubiquitin carboxyl-terminal hydrolase 2 isoform a,Homo sapiens,NP_004196,encontrada,NCBI
ras and Rab interactor 1 isoform 1,Homo sapiens,NP_004283,encontrada,NCBI
C-C chemokine receptor type 6,Homo sapiens,NP_004358,encontrada,NCBI
protein AF-9 isoform a,Homo sapiens,NP_004520,encontrada,NCBI
G-protein coupled receptor 183,Homo sapiens,NP_004942,encontrada,NCBI
steroidogenic factor 1,Homo sapiens,NP_004950,encontrada,NCBI
insulin-degrading enzyme isoform 1,Homo sapiens,NP_004960,encontrada,NCBI
matrix metalloproteinase-14 preproprotein,Homo sapiens,NP_004986,encontrada,NCBI
serine/threonine-protein kinase PLK1,Homo sapiens,NP_005021,encontrada,NCBI
tyrosine-protein kinase ABL1 isoform a,Homo sapiens,NP_005148,encontrada,NCBI
"ATP-binding cassette sub-family B member 6, mitochondrial isoform 1",Homo sapiens,NP_005680,encontrada,NCBI
snurportin-1,Homo sapiens,NP_005692,encontrada,NCBI
melanocortin receptor 4,Homo sapiens,NP_005903,encontrada,NCBI
histone-lysine N-methyltransferase 2A isoform 2 precursor,Homo sapiens,NP_005924,encontrada,NCBI
peptidyl-prolyl cis-trans isomerase NIMA-interacting 1,Homo sapiens,NP_006212,encontrada,NCBI
tumor susceptibility gene 101 protein,Homo sapiens,NP_006283,encontrada,NCBI
GTP-binding nuclear protein Ran isoform 1,Homo sapiens,NP_006316,encontrada,NCBI
transforming acidic coiled-coil-containing protein 3,Homo sapiens,NP_006333,encontrada,NCBI
DNA polymerase eta isoform 1,Homo sapiens,NP_006493,encontrada,NCBI
nuclear receptor coactivator 2 isoform a,Homo sapiens,NP_006531,encontrada,NCBI
C-X-C chemokine receptor type 6,Homo sapiens,NP_006555,encontrada,NCBI
COP9 signalosome complex subunit 5,Homo sapiens,NP_006828,encontrada,NCBI
tyrosine-protein phosphatase non-receptor type 5 isoform a,Homo sapiens,NP_008837,encontrada,NCBI
DNA polymerase iota isoform a (long),Homo sapiens,NP_009126,encontrada,NCBI
H(+)-transporting V0 sector ATPase subunit c',Saccharomyces cerevisiae,NP_015090,encontrada,NCBI
protein fosB isoform 1,Mus musculus,NP_032062,encontrada,NCBI
interleukin-2 precursor,Mus musculus,NP_032392,encontrada,NCBI
urokinase-type plasminogen activator precursor,Mus musculus,NP_032899,encontrada,NCBI
plasminogen precursor,Mus musculus,NP_032903,encontrada,NCBI
cAMP-dependent protein kinase catalytic subunit beta isoform 1,Mus musculus,NP_035230,encontrada,NCBI
urokinase plasminogen activator surface receptor precursor,Mus musculus,NP_035243,encontrada,NCBI
nuclear receptor ROR-gamma isoform 1,Mus musculus,NP_035411,encontrada,NCBI
muscarinic acetylcholine receptor M5,Homo sapiens,NP_036257,encontrada,NCBI
dual specificity tyrosine-phosphorylation-regulated kinase 1A,Rattus norvegicus,NP_036923,encontrada,NCBI
rac GTPase-activating protein 1 isoform a,Homo sapiens,NP_037409,encontrada,NCBI
cysteine protease ATG4B isoform a,Homo sapiens,NP_037457,encontrada,NCBI
transactivating tegument protein VP16 [Human herpesvirus 1],Human alphaherpesvirus,NP_044650,encontrada,NCBI
sentrin-specific protease 1,Homo sapiens,NP_055369,encontrada,NCBI
geminin,Homo sapiens,NP_056979,encontrada,NCBI
1-acylglycerol-3-phosphate O-acyltransferase ABHD5 isoform a,Homo sapiens,NP_057090,encontrada,NCBI
DNA polymerase kappa isoform 1,Homo sapiens,NP_057302,encontrada,NCBI
tyrosyl-DNA phosphodiesterase 2,Homo sapiens,NP_057698,encontrada,NCBI
Vif,Human immunodeficiency,NP_057851,encontrada,NCBI
Vpr,Human immunodeficiency,NP_057852,encontrada,NCBI
Tat,Human immunodeficiency,NP_057853,encontrada,NCBI
"Envelope surface glycoprotein gp160, precursor",Human immunodeficiency,NP_057856,encontrada,NCBI
scavenger receptor class B member 1 isoform 1,Mus musculus,NP_058021,encontrada,NCBI
survival motor neuron protein isoform d,Homo sapiens,NP_059107,encontrada,NCBI
cytochrome P450 3A4 isoform 1,Homo sapiens,NP_059488,encontrada,NCBI
Golgi-associated PDZ and coiled-coil motif-containing protein isoform a,Homo sapiens,NP_065132,encontrada,NCBI
mucolipin-1,Homo sapiens,NP_065394,encontrada,NCBI
fibroblast growth factor 22 isoform 1 precursor,Homo sapiens,NP_065688,encontrada,NCBI
COUP transcription factor 2 isoform a,Homo sapiens,NP_066285,encontrada,NCBI
carboxy-terminal domain RNA polymerase II polypeptide A small phosphatase 1 isoform 1,Homo sapiens,NP_067021,encontrada,NCBI
DNA dC->dU-editing enzyme APOBEC-3G isoform 1,Homo sapiens,NP_068594,encontrada,NCBI
5-hydroxytryptamine receptor 5A,Homo sapiens,NP_076917,encontrada,NCBI
hexokinase HKDC1,Homo sapiens,NP_079406,encontrada,NCBI
caspase-1 isoform alpha precursor,Homo sapiens,NP_150634,encontrada,NCBI
fructose-bisphosphate aldolase,Mycobacterium tuberculosis,NP_214877,encontrada,NCBI
"1,4-dihydroxy-2-naphthoyl-CoA synthase",Mycobacterium tuberculosis,NP_215062,encontrada,NCBI
anion-binding protein,Staphylococcus aureus,NP_371243,encontrada,NCBI
hypothetical protein SA1422,Staphylococcus aureus,NP_374707,encontrada,NCBI
D(3) dopamine receptor isoform e,Homo sapiens,NP_387512,encontrada,NCBI
Lon protease,Escherichia coli,NP_414973,encontrada,NCBI
endoribonuclease toxin MazF,Escherichia coli,NP_417262,encontrada,NCBI
exodeoxyribonuclease V subunit RecD,Escherichia coli,NP_417296,encontrada,NCBI
exodeoxyribonuclease V subunit RecB,Escherichia coli,NP_417297,encontrada,NCBI
exodeoxyribonuclease V subunit RecC,Escherichia coli,NP_417299,encontrada,NCBI
twin arginine protein translocation system - TatA protein,Escherichia coli,NP_418280,encontrada,NCBI
protein phosphatase 1 regulatory subunit 15A,Rattus norvegicus,NP_598230,encontrada,NCBI
(Lyso)-N-acylphosphatidylethanolamine lipase isoform 1,Mus musculus,NP_598837,encontrada,NCBI
DNA repair protein RAD52 homolog isoform a,Homo sapiens,NP_602296,encontrada,NCBI
trace amine-associated receptor 1,Homo sapiens,NP_612200,encontrada,NCBI
diacylglycerol lipase-beta isoform 1,Homo sapiens,NP_631918,encontrada,NCBI
kallikrein-7 isoform 1 preproprotein,Homo sapiens,NP_644806,encontrada,NCBI
lethal factor (plasmid),Bacillus anthracis,NP_652928,encontrada,NCBI
ADP-ribosylation factor GTPase-activating protein 1,Rattus norvegicus,NP_659558,encontrada,NCBI
sentrin-specific protease 8,Homo sapiens,NP_660205,encontrada,NCBI
DNA dC->dU-editing enzyme APOBEC-3F isoform a,Homo sapiens,NP_660341,encontrada,NCBI
Protein skinhead-1,Caenorhabditis elegans,NP_741406,encontrada,NCBI
5-hydroxytryptamine receptor 2A,Mus musculus,NP_766400,encontrada,NCBI
anoctamin-1 isoform 1,Mus musculus,NP_848757,encontrada,NCBI
nuclear receptor coactivator 3 isoform a,Homo sapiens,NP_858045,encontrada,NCBI
kelch-like ECH-associated protein 1,Homo sapiens,NP_987096,encontrada,NCBI
cAMP-dependent protein kinase catalytic subunit beta isoform 3,Homo sapiens,NP_997461,encontrada,NCBI
Polyunsaturated fatty acid lipoxygenase ALOX15B,Homo sapiens,O15296,encontrada,NCBI
Rap guanine nucleotide exchange factor 3,Homo sapiens,O95398,encontrada,NCBI
Dihydrofolate reductase,Homo sapiens,P00374,encontrada,NCBI
Glycoprotein hormones alpha chain,Homo sapiens,P01215,encontrada,NCBI
Cellular tumor antigen p53,Homo sapiens,P04637,encontrada,NCBI
Amyloid-beta precursor protein,Homo sapiens,P05067,encontrada,NCBI
Bifunctional dihydrofolate reductase-thymidylate synthase,Leishmania major,P07382,encontrada,NCBI
Polyunsaturated fatty acid lipoxygenase ALOX12,Homo sapiens,P18054,encontrada,NCBI
Low molecular weight phosphotyrosine protein phosphatase,Homo sapiens,P24666,encontrada,NCBI
RAC-alpha serine/threonine-protein kinase,Homo sapiens,P31749,encontrada,NCBI
Alpha-synuclein,Homo sapiens,P37840,encontrada,NCBI
Phosphatidylinositol 5-phosphate 4-kinase type-2 alpha,Homo sapiens,P48426,encontrada,NCBI
Caspase-7,Homo sapiens,P55210,encontrada,NCBI
Guanine nucleotide-binding protein G(s) subunit alpha isoforms short,Homo sapiens,P63092,encontrada,NCBI
Inositol monophosphatase 1,Rattus norvegicus,P97697,encontrada,NCBI
Salicylate synthase,Mycobacterium tuberculosis,P9WFX0,encontrada,NCBI
Pteridine reductase 1,Leishmania major,Q01782,encontrada,NCBI
HTRA1 protein,Homo sapiens,Q05DJ8,encontrada,NCBI
TAR DNA-binding protein 43,Homo sapiens,Q13148,encontrada,NCBI
Protein disulfide-isomerase A6,Homo sapiens,Q15084,encontrada,NCBI
"Pteridine reductase, putative",Trypanosoma brucei,Q581W1,encontrada,NCBI
Bifunctional dihydrofolate reductase-thymidylate synthase,Trypanosoma brucei,Q582G3,encontrada,NCBI
Cyclic GMP-AMP synthase,Mus musculus,Q8C6L5,encontrada,NCBI
Cyclic GMP-AMP synthase,Homo sapiens,Q8N884,encontrada,NCBI
G-protein coupled receptor 151,Homo sapiens,Q8TDV0,encontrada,NCBI
Rap guanine nucleotide exchange factor 4,Homo sapiens,Q8WZA2,encontrada,NCBI
Ataxin-2,Homo sapiens,Q99700,encontrada,NCBI
Phosphatidylinositol 4-kinase type 2-alpha,Homo sapiens,Q9BTU6,encontrada,NCBI
Sialate O-acetylesterase,Homo sapiens,Q9HAT2,encontrada,NCBI
Relaxin receptor 1,Homo sapiens,Q9HBX9,encontrada,NCBI
"NAD-dependent protein deacylase sirtuin-5, mitochondrial",Homo sapiens,Q9NXA8,encontrada,NCBI
Deoxynucleoside triphosphate triphosphohydrolase SAMHD1,Homo sapiens,Q9Y3Z3,encontrada,NCBI
phosphoglycerate kinase,Trypanosoma brucei,XP_001218773,encontrada,NCBI
"HSP40, subfamily A [Plasmodium falciparum 3D7]",Plasmodium falciparum,XP_001348533,encontrada,NCBI
"heat shock protein 90, putative",Plasmodium falciparum,XP_001348591,encontrada,NCBI
L-lactate dehydrogenase,Plasmodium falciparum,XP_001349989,encontrada,NCBI
hypothetical protein CAALFM_CR05890CA,Candida albicans,XP_711691,encontrada,NCBI
H3 histone acetyltransferase,Candida albicans,XP_718648,encontrada,NCBI
"methionyl-tRNA synthetase, putative",Trypanosoma brucei,XP_822407,encontrada,NCBI
enterobactin synthase subunit E,Acinetobacter baumannii,YP_001085402,encontrada,NCBI
toxin B,Clostridioides difficile,YP_001087135,encontrada,NCBI
botulinum neurotoxin type A,Clostridium botulinum,YP_001253342,encontrada,NCBI
MarR family regulatory protein,Staphylococcus aureus,YP_001331689,encontrada,NCBI
protein PvdQ,Pseudomonas aeruginosa,YP_002440506,encontrada,NCBI
gamma-glutamyltranspeptidase (plasmid),Bacillus anthracis,YP_016573,encontrada,NCBI
putative polyprotein,Crimean-Congo hemorrhagic,YP_325663,encontrada,NCBI
"botulinum neurotoxin type F, BoNT/F",Clostridium botulinum,ZP_02619427,encontrada,NCBI
"FMDV polyprotein, partial",Foot-and-mouth disease,AAA42670,encontrada,NCBI
,,578162,encontrada,NCBI
MULTISPECIES: oxygen response regulator transcription factor FixJ,Burkholderia,WP_006493245,encontrada,NCBI
oxygen sensor histidine kinase FixL,Burkholderia dolosa,WP_045552426,encontrada,NCBI
